,index,Medium_uniqueID,Value_g_l,Component,PubChem,Formula
0,0.0,MRL0000000,20.0,Glucose,5793.0,C6H12O6
13,13.0,MRL0000000,2.0033420000000003e-06,Biotin,171548.0,C10H16N2O3S
14,14.0,MRL0000000,0.0007419139999999999,pantothenate,443753.0,C18H32CaN2O10
15,15.0,MRL0000000,2.03044e-06,Folic acid,6037.0,C19H19N7O6
16,16.0,MRL0000000,0.00198176,Inositol,892.0,C6H12O6
17,17.0,MRL0000000,0.000393952,Niacin,938.0,C6H5NO2
18,18.0,MRL0000000,0.00020570999999999998,p-Aminobenzoic acid,978.0,C7H7NO2
19,19.0,MRL0000000,0.00033357239999999994,Pyridoxine,6019.0,C8H12ClNO3
20,20.0,MRL0000000,0.00018819999999999997,Riboflavin,493570.0,C17H20N4O6
21,21.0,MRL0000000,0.00031968,Thiamine,6202.0,C12H18Cl2N4OS
22,22.0,MRL0000000,20.0,Agar,71571511.0,C14H24O9
23,23.0,MRL0000000,0.035638,Canavanine,11957500.0,C5H14N4O7S
24,24.0,MRL0000001,0.1,Glucose,5793.0,C6H12O6
37,37.0,MRL0000001,2.0033420000000003e-06,Biotin,171548.0,C10H16N2O3S
38,38.0,MRL0000001,0.0007419139999999999,pantothenate,443753.0,C18H32CaN2O10
39,39.0,MRL0000001,2.03044e-06,Folic acid,6037.0,C19H19N7O6
40,40.0,MRL0000001,0.00198176,Inositol,892.0,C6H12O6
41,41.0,MRL0000001,0.000393952,Niacin,938.0,C6H5NO2
42,42.0,MRL0000001,0.00020570999999999998,p-Aminobenzoic acid,978.0,C7H7NO2
43,43.0,MRL0000001,0.00033357239999999994,Pyridoxine,6019.0,C8H12ClNO3
44,44.0,MRL0000001,0.00018819999999999997,Riboflavin,493570.0,C17H20N4O6
45,45.0,MRL0000001,0.00031968,Thiamine,6202.0,C12H18Cl2N4OS
46,46.0,MRL0000001,20.0,Agar,71571511.0,C14H24O9
47,47.0,MRL0000002,20.0,Glucose,5793.0,C6H12O6
60,60.0,MRL0000002,2.0033420000000003e-06,Biotin,171548.0,C10H16N2O3S
61,61.0,MRL0000002,0.0007419139999999999,pantothenate,443753.0,C18H32CaN2O10
62,62.0,MRL0000002,2.03044e-06,Folic acid,6037.0,C19H19N7O6
63,63.0,MRL0000002,0.00198176,Inositol,892.0,C6H12O6
64,64.0,MRL0000002,0.000393952,Niacin,938.0,C6H5NO2
65,65.0,MRL0000002,0.00020570999999999998,p-Aminobenzoic acid,978.0,C7H7NO2
66,66.0,MRL0000002,0.00033357239999999994,Pyridoxine,6019.0,C8H12ClNO3
67,67.0,MRL0000002,0.00018819999999999997,Riboflavin,493570.0,C17H20N4O6
68,68.0,MRL0000002,0.00031968,Thiamine,6202.0,C12H18Cl2N4OS
69,69.0,MRL0000002,20.0,Agar,71571511.0,C14H24O9
71,71.0,MRL0000003,20.0,Glucose,5793.0,C6H12O6
84,84.0,MRL0000003,2.0033420000000003e-06,Biotin,171548.0,C10H16N2O3S
85,85.0,MRL0000003,0.0007419139999999999,pantothenate,443753.0,C18H32CaN2O10
86,86.0,MRL0000003,2.03044e-06,Folic acid,6037.0,C19H19N7O6
87,87.0,MRL0000003,0.00198176,Inositol,892.0,C6H12O6
88,88.0,MRL0000003,0.000393952,Niacin,938.0,C6H5NO2
89,89.0,MRL0000003,0.00020570999999999998,p-Aminobenzoic acid,978.0,C7H7NO2
90,90.0,MRL0000003,0.00033357239999999994,Pyridoxine,6019.0,C8H12ClNO3
91,91.0,MRL0000003,0.00018819999999999997,Riboflavin,493570.0,C17H20N4O6
92,92.0,MRL0000003,0.00031968,Thiamine,6202.0,C12H18Cl2N4OS
93,93.0,MRL0000003,20.0,Agar,71571511.0,C14H24O9
94,94.0,MRL0000003,0.012660500000000002,Tris malate,86746583.0,C8H15NO8-2
95,95.0,MRL0000003,0.0024213999999999998,Beta glycerol,92043261.0,C3H7Na2O6P
96,96.0,MRL0000004,20.0,Glucose,5793.0,C6H12O6
97,99.0,MRL0000005,2.0,Glucose,5793.0,C6H12O6
98,102.0,MRL0000006,9.2,Glucose,5793.0,C6H12O6
106,110.0,MRL0000006,0.02,Inositol,892.0,C6H12O6
107,111.0,MRL0000006,0.0044,Thiamine,1130.0,C12H17N4OS+
108,112.0,MRL0000006,0.0012,Pyridoxine,1054.0,C8H11NO3
109,113.0,MRL0000006,0.00045794333683105983,pantothenate,443753.0,C18H32CaN2O10
110,114.0,MRL0000006,3e-05,Biotin,171548.0,C10H16N2O3S
111,115.0,MRL0000007,5.0,Glucose,5793.0,C6H12O6
112,118.0,MRL0000007,0.02,Histidine,6274.0,C6H9N3O2
113,119.0,MRL0000008,10.0,Glucose,5793.0,C6H12O6
114,122.0,MRL0000008,0.02,Histidine,6274.0,C6H9N3O2
115,123.0,MRL0000009,25.0,Glucose,5793.0,C6H12O6
116,126.0,MRL0000009,0.02,Histidine,6274.0,C6H9N3O2
117,127.0,MRL0000011,5.0,Glucose,5793.0,C6H12O6
129,139.0,MRL0000011,0.015,EDTA,6049.0,C10H16N2O8
130,140.0,MRL0000011,5e-05,Biotin,171548.0,C10H16N2O3S
131,141.0,MRL0000011,0.0009158866736621197,pantothenate,443753.0,C18H32CaN2O10
132,142.0,MRL0000011,0.001,Niacin,938.0,C6H5NO2
133,143.0,MRL0000011,0.025,Inositol,892.0,C6H12O6
134,144.0,MRL0000011,0.001,Pyridoxine,1054.0,C8H11NO3
135,145.0,MRL0000011,0.0002,p-Aminobenzoic acid,978.0,C7H7NO2
136,146.0,MRL0000011,0.001,Thiamine,1130.0,C12H17N4OS+
137,147.0,MRL0000011,16.512,phthalate,23676735.0,C8H5KO4
138,148.0,MRL0000012,5.0,Glucose,5793.0,C6H12O6
151,161.0,MRL0000012,0.015,EDTA,6049.0,C10H16N2O8
152,162.0,MRL0000012,5e-05,Biotin,171548.0,C10H16N2O3S
153,163.0,MRL0000012,0.0009158866736621197,pantothenate,443753.0,C18H32CaN2O10
154,164.0,MRL0000012,0.001,Niacin,938.0,C6H5NO2
155,165.0,MRL0000012,0.025,Inositol,892.0,C6H12O6
156,166.0,MRL0000012,0.001,Pyridoxine,1054.0,C8H11NO3
157,167.0,MRL0000012,0.0002,p-Aminobenzoic acid,978.0,C7H7NO2
158,168.0,MRL0000012,0.001,Thiamine,1130.0,C12H17N4OS+
159,169.0,MRL0000012,16.512,phthalate,23676735.0,C8H5KO4
160,170.0,MRL0000013,5.0,Glucose,5793.0,C6H12O6
173,183.0,MRL0000013,0.015,EDTA,6049.0,C10H16N2O8
174,184.0,MRL0000013,5e-05,Biotin,171548.0,C10H16N2O3S
175,185.0,MRL0000013,0.0009158866736621197,pantothenate,443753.0,C18H32CaN2O10
176,186.0,MRL0000013,0.001,Niacin,938.0,C6H5NO2
177,187.0,MRL0000013,0.025,Inositol,892.0,C6H12O6
178,188.0,MRL0000013,0.001,Pyridoxine,1054.0,C8H11NO3
179,189.0,MRL0000013,0.0002,p-Aminobenzoic acid,978.0,C7H7NO2
180,190.0,MRL0000013,0.001,Thiamine,1130.0,C12H17N4OS+
181,191.0,MRL0000013,16.512,phthalate,23676735.0,C8H5KO4
182,192.0,MRL0000014,5.0,Glucose,5793.0,C6H12O6
195,205.0,MRL0000014,0.015,EDTA,6049.0,C10H16N2O8
196,206.0,MRL0000014,5e-05,Biotin,171548.0,C10H16N2O3S
197,207.0,MRL0000014,0.0009158866736621197,pantothenate,443753.0,C18H32CaN2O10
198,208.0,MRL0000014,0.001,Niacin,938.0,C6H5NO2
199,209.0,MRL0000014,0.025,Inositol,892.0,C6H12O6
200,210.0,MRL0000014,0.001,Pyridoxine,1054.0,C8H11NO3
201,211.0,MRL0000014,0.0002,p-Aminobenzoic acid,978.0,C7H7NO2
202,212.0,MRL0000014,0.001,Thiamine,1130.0,C12H17N4OS+
203,213.0,MRL0000014,16.512,phthalate,23676735.0,C8H5KO4
204,214.0,MRL0000015,5.0,Glucose,5793.0,C6H12O6
217,227.0,MRL0000015,0.015,EDTA,6049.0,C10H16N2O8
218,228.0,MRL0000015,5e-05,Biotin,171548.0,C10H16N2O3S
219,229.0,MRL0000015,0.0009158866736621197,pantothenate,443753.0,C18H32CaN2O10
220,230.0,MRL0000015,0.001,Niacin,938.0,C6H5NO2
221,231.0,MRL0000015,0.025,Inositol,892.0,C6H12O6
222,232.0,MRL0000015,0.001,Pyridoxine,1054.0,C8H11NO3
223,233.0,MRL0000015,0.0002,p-Aminobenzoic acid,978.0,C7H7NO2
224,234.0,MRL0000015,0.001,Thiamine,1130.0,C12H17N4OS+
225,235.0,MRL0000015,16.512,phthalate,23676735.0,C8H5KO4
226,236.0,MRL0000016,5.0,Glucose,5793.0,C6H12O6
239,249.0,MRL0000016,0.015,EDTA,6049.0,C10H16N2O8
240,250.0,MRL0000016,5e-05,Biotin,171548.0,C10H16N2O3S
241,251.0,MRL0000016,0.0009158866736621197,pantothenate,443753.0,C18H32CaN2O10
242,252.0,MRL0000016,0.001,Niacin,938.0,C6H5NO2
243,253.0,MRL0000016,0.025,Inositol,892.0,C6H12O6
244,254.0,MRL0000016,0.001,Pyridoxine,1054.0,C8H11NO3
245,255.0,MRL0000016,0.0002,p-Aminobenzoic acid,978.0,C7H7NO2
246,256.0,MRL0000016,0.001,Thiamine,1130.0,C12H17N4OS+
247,257.0,MRL0000016,16.512,phthalate,23676735.0,C8H5KO4
248,258.0,MRL0000017,5.0,Glucose,5793.0,C6H12O6
261,271.0,MRL0000017,0.015,EDTA,6049.0,C10H16N2O8
262,272.0,MRL0000017,5e-05,Biotin,171548.0,C10H16N2O3S
263,273.0,MRL0000017,0.0009158866736621197,pantothenate,443753.0,C18H32CaN2O10
264,274.0,MRL0000017,0.001,Niacin,938.0,C6H5NO2
265,275.0,MRL0000017,0.025,Inositol,892.0,C6H12O6
266,276.0,MRL0000017,0.001,Pyridoxine,1054.0,C8H11NO3
267,277.0,MRL0000017,0.0002,p-Aminobenzoic acid,978.0,C7H7NO2
268,278.0,MRL0000017,0.001,Thiamine,1130.0,C12H17N4OS+
269,279.0,MRL0000017,16.512,phthalate,23676735.0,C8H5KO4
270,280.0,MRL0000018,5.0,Glucose,5793.0,C6H12O6
283,293.0,MRL0000018,0.015,EDTA,6049.0,C10H16N2O8
284,294.0,MRL0000018,5e-05,Biotin,171548.0,C10H16N2O3S
285,295.0,MRL0000018,0.0009158866736621197,pantothenate,443753.0,C18H32CaN2O10
286,296.0,MRL0000018,0.001,Niacin,938.0,C6H5NO2
287,297.0,MRL0000018,0.025,Inositol,892.0,C6H12O6
288,298.0,MRL0000018,0.001,Pyridoxine,1054.0,C8H11NO3
289,299.0,MRL0000018,0.0002,p-Aminobenzoic acid,978.0,C7H7NO2
290,300.0,MRL0000018,0.001,Thiamine,1130.0,C12H17N4OS+
291,301.0,MRL0000018,16.512,phthalate,23676735.0,C8H5KO4
292,302.0,MRL0000019,5.0,Glucose,5793.0,C6H12O6
305,315.0,MRL0000019,0.015,EDTA,6049.0,C10H16N2O8
306,316.0,MRL0000019,5e-05,Biotin,171548.0,C10H16N2O3S
307,317.0,MRL0000019,0.0009158866736621197,pantothenate,443753.0,C18H32CaN2O10
308,318.0,MRL0000019,0.001,Niacin,938.0,C6H5NO2
309,319.0,MRL0000019,0.025,Inositol,892.0,C6H12O6
310,320.0,MRL0000019,0.001,Pyridoxine,1054.0,C8H11NO3
311,321.0,MRL0000019,0.0002,p-Aminobenzoic acid,978.0,C7H7NO2
312,322.0,MRL0000019,0.001,Thiamine,1130.0,C12H17N4OS+
313,323.0,MRL0000019,16.512,phthalate,23676735.0,C8H5KO4
314,324.0,MRL0000020,5.0,Glucose,5793.0,C6H12O6
327,337.0,MRL0000020,0.015,EDTA,6049.0,C10H16N2O8
328,338.0,MRL0000020,5e-05,Biotin,171548.0,C10H16N2O3S
329,339.0,MRL0000020,0.0009158866736621197,pantothenate,443753.0,C18H32CaN2O10
330,340.0,MRL0000020,0.001,Niacin,938.0,C6H5NO2
331,341.0,MRL0000020,0.025,Inositol,892.0,C6H12O6
332,342.0,MRL0000020,0.001,Pyridoxine,1054.0,C8H11NO3
333,343.0,MRL0000020,0.0002,p-Aminobenzoic acid,978.0,C7H7NO2
334,344.0,MRL0000020,0.001,Thiamine,1130.0,C12H17N4OS+
335,345.0,MRL0000020,16.512,phthalate,23676735.0,C8H5KO4
336,346.0,MRL0000021,21.0,Glucose,5793.0,C6H12O6
342,353.0,MRL0000022,22.0,Glucose,5793.0,C6H12O6
348,360.0,MRL0000023,0.8,Glucose,5793.0,C6H12O6
354,367.0,MRL0000024,22.0,Glucose,5793.0,C6H12O6
360,373.0,MRL0000024,0.011,Leucine,6106.0,C6H13NO2
361,375.0,MRL0000025,22.0,Glucose,5793.0,C6H12O6
367,381.0,MRL0000025,0.0026,Uracil,1174.0,C4H4N2O2
368,383.0,MRL0000026,7.0,Glucose,5793.0,C6H12O6
369,384.0,MRL0000026,0.3,Ethanol,702.0,C2H6O
370,385.0,MRL0000027,20.0,Glucose,5793.0,C6H12O6
372,387.0,MRL0000027,2.0,Succinic acid,1110.0,C4H6O4
376,393.0,MRL0000028,20.0,Glucose,5793.0,C6H12O6
377,394.0,MRL0000028,4.0,Arginine,6322.0,C6H14N4O2
379,396.0,MRL0000028,2.0,Succinic acid,1110.0,C4H6O4
383,402.0,MRL0000029,20.0,Glucose,5793.0,C6H12O6
384,405.0,MRL0000030,20.0,Glucose,5793.0,C6H12O6
385,408.0,MRL0000031,20.0,Glucose,5793.0,C6H12O6
391,414.0,MRL0000031,0.1742,Arginine,6322.0,C6H14N4O2
392,415.0,MRL0000031,0.1712,Aspartate,5960.0,C4H7NO4
393,416.0,MRL0000031,0.1691,Glutamate,33032.0,C5H9NO4
394,417.0,MRL0000031,0.1552,Histidine,6274.0,C6H9N3O2
395,418.0,MRL0000031,0.1312,Leucine,6106.0,C6H13NO2
396,419.0,MRL0000031,0.1462,Lysine,5962.0,C6H14N2O2
397,420.0,MRL0000031,0.1492,Methionine,6137.0,C5H11NO2S
398,421.0,MRL0000031,0.1051,Serine,5951.0,C3H7NO3
399,422.0,MRL0000031,0.1191,Threonine,6288.0,C4H9NO3
400,423.0,MRL0000031,0.02042,Tryptophane,6305.0,C11H12N2O2
401,424.0,MRL0000031,0.1051,Valine,6287.0,C5H11NO2
402,425.0,MRL0000031,0.2101,Citrate,311.0,C6H8O7
403,426.0,MRL0000031,0.16,Fumarate,5460307.0,C4H2O4-2
404,427.0,MRL0000031,0.1341,Malate,525.0,C4H6O5
405,428.0,MRL0000031,0.0881,Pyruvate,107735.0,C3H3O3-
406,429.0,MRL0000031,0.2701,Succinic acid,1110.0,C4H6O4
407,430.0,MRL0000031,0.1111,Cytosine,597.0,C4H5N3O
408,431.0,MRL0000031,0.1121,Uracil,1174.0,C4H4N2O2
409,432.0,MRL0000031,0.01,Inositol,892.0,C6H12O6
412,435.0,MRL0000031,2e-05,Biotin,171548.0,C10H16N2O3S
413,436.0,MRL0000031,0.0018317733473242393,pantothenate,443753.0,C18H32CaN2O10
414,437.0,MRL0000031,0.002,Folic acid,6037.0,C19H19N7O6
415,438.0,MRL0000031,0.0004,Niacin,938.0,C6H5NO2
416,439.0,MRL0000031,0.0002,p-Aminobenzoic acid,978.0,C7H7NO2
417,440.0,MRL0000031,0.00046346236140828626,Pyridoxine,6019.0,C8H12ClNO3
418,441.0,MRL0000031,0.0002,Riboflavin,493570.0,C17H20N4O6
419,442.0,MRL0000031,0.00031592054550844947,Thiamine,6202.0,C12H18Cl2N4OS
426,449.0,MRL0000032,20.45,Glycerol,753.0,C3H8O3
432,455.0,MRL0000032,0.1742,Arginine,6322.0,C6H14N4O2
433,456.0,MRL0000032,0.1712,Aspartate,5960.0,C4H7NO4
434,457.0,MRL0000032,0.1691,Glutamate,33032.0,C5H9NO4
435,458.0,MRL0000032,0.1552,Histidine,6274.0,C6H9N3O2
436,459.0,MRL0000032,0.1312,Leucine,6106.0,C6H13NO2
437,460.0,MRL0000032,0.1462,Lysine,5962.0,C6H14N2O2
438,461.0,MRL0000032,0.1492,Methionine,6137.0,C5H11NO2S
439,462.0,MRL0000032,0.1051,Serine,5951.0,C3H7NO3
440,463.0,MRL0000032,0.1191,Threonine,6288.0,C4H9NO3
441,464.0,MRL0000032,0.02042,Tryptophane,6305.0,C11H12N2O2
442,465.0,MRL0000032,0.1051,Valine,6287.0,C5H11NO2
443,466.0,MRL0000032,0.2101,Citrate,311.0,C6H8O7
444,467.0,MRL0000032,0.16,Fumarate,5460307.0,C4H2O4-2
445,468.0,MRL0000032,0.1341,Malate,525.0,C4H6O5
446,469.0,MRL0000032,0.0881,Pyruvate,107735.0,C3H3O3-
447,470.0,MRL0000032,0.2701,Succinic acid,1110.0,C4H6O4
448,471.0,MRL0000032,0.1111,Cytosine,597.0,C4H5N3O
449,472.0,MRL0000032,0.1121,Uracil,1174.0,C4H4N2O2
450,473.0,MRL0000032,0.01,Inositol,892.0,C6H12O6
453,476.0,MRL0000032,2e-05,Biotin,171548.0,C10H16N2O3S
454,477.0,MRL0000032,0.0018317733473242393,pantothenate,443753.0,C18H32CaN2O10
455,478.0,MRL0000032,0.002,Folic acid,6037.0,C19H19N7O6
456,479.0,MRL0000032,0.0004,Niacin,938.0,C6H5NO2
457,480.0,MRL0000032,0.0002,p-Aminobenzoic acid,978.0,C7H7NO2
458,481.0,MRL0000032,0.00046346236140828626,Pyridoxine,6019.0,C8H12ClNO3
459,482.0,MRL0000032,0.0002,Riboflavin,493570.0,C17H20N4O6
460,483.0,MRL0000032,0.00031592054550844947,Thiamine,6202.0,C12H18Cl2N4OS
467,490.0,MRL0000033,15.34,Ethanol,702.0,C2H6O
473,496.0,MRL0000033,0.1742,Arginine,6322.0,C6H14N4O2
474,497.0,MRL0000033,0.1712,Aspartate,5960.0,C4H7NO4
475,498.0,MRL0000033,0.1691,Glutamate,33032.0,C5H9NO4
476,499.0,MRL0000033,0.1552,Histidine,6274.0,C6H9N3O2
477,500.0,MRL0000033,0.1312,Leucine,6106.0,C6H13NO2
478,501.0,MRL0000033,0.1462,Lysine,5962.0,C6H14N2O2
479,502.0,MRL0000033,0.1492,Methionine,6137.0,C5H11NO2S
480,503.0,MRL0000033,0.1051,Serine,5951.0,C3H7NO3
481,504.0,MRL0000033,0.1191,Threonine,6288.0,C4H9NO3
482,505.0,MRL0000033,0.02042,Tryptophane,6305.0,C11H12N2O2
483,506.0,MRL0000033,0.1051,Valine,6287.0,C5H11NO2
484,507.0,MRL0000033,0.2101,Citrate,311.0,C6H8O7
485,508.0,MRL0000033,0.16,Fumarate,5460307.0,C4H2O4-2
486,509.0,MRL0000033,0.1341,Malate,525.0,C4H6O5
487,510.0,MRL0000033,0.0881,Pyruvate,107735.0,C3H3O3-
488,511.0,MRL0000033,0.2701,Succinic acid,1110.0,C4H6O4
489,512.0,MRL0000033,0.1111,Cytosine,597.0,C4H5N3O
490,513.0,MRL0000033,0.1121,Uracil,1174.0,C4H4N2O2
491,514.0,MRL0000033,0.01,Inositol,892.0,C6H12O6
494,517.0,MRL0000033,2e-05,Biotin,171548.0,C10H16N2O3S
495,518.0,MRL0000033,0.0018317733473242393,pantothenate,443753.0,C18H32CaN2O10
496,519.0,MRL0000033,0.002,Folic acid,6037.0,C19H19N7O6
497,520.0,MRL0000033,0.0004,Niacin,938.0,C6H5NO2
498,521.0,MRL0000033,0.0002,p-Aminobenzoic acid,978.0,C7H7NO2
499,522.0,MRL0000033,0.00046346236140828626,Pyridoxine,6019.0,C8H12ClNO3
500,523.0,MRL0000033,0.0002,Riboflavin,493570.0,C17H20N4O6
501,524.0,MRL0000033,0.00031592054550844947,Thiamine,6202.0,C12H18Cl2N4OS
508,531.0,MRL0000034,20.0,Glucose,5793.0,C6H12O6
521,544.0,MRL0000034,0.015,EDTA,6049.0,C10H16N2O8
522,545.0,MRL0000034,5e-05,Biotin,171548.0,C10H16N2O3S
523,546.0,MRL0000034,0.0009158866736621197,pantothenate,443753.0,C18H32CaN2O10
524,547.0,MRL0000034,0.001,Niacin,938.0,C6H5NO2
525,548.0,MRL0000034,0.025,Inositol,892.0,C6H12O6
526,549.0,MRL0000034,0.001,Pyridoxine,1054.0,C8H11NO3
527,550.0,MRL0000034,0.0002,p-Aminobenzoic acid,978.0,C7H7NO2
528,551.0,MRL0000034,0.001,Thiamine,1130.0,C12H17N4OS+
529,552.0,MRL0000034,16.512,phthalate,23676735.0,C8H5KO4
530,553.0,MRL0000035,20.0,Glucose,5793.0,C6H12O6
532,557.0,MRL0000035,0.00035454999999999997,cloride,24288.0,Cl2Co
538,563.0,MRL0000036,,Glucose,5793.0,C6H12O6
539,566.0,MRL0000037,10.0,Glucose,5793.0,C6H12O6
543,570.0,MRL0000037,0.015,EDTA,6049.0,C10H16N2O8
553,581.0,MRL0000037,5e-05,Biotin,171548.0,C10H16N2O3S
554,582.0,MRL0000037,0.0009158866736621197,pantothenate,443753.0,C18H32CaN2O10
555,583.0,MRL0000037,0.001,Niacin,938.0,C6H5NO2
556,584.0,MRL0000037,0.025,Inositol,892.0,C6H12O6
557,585.0,MRL0000037,0.0007898013637711236,Thiamine,6202.0,C12H18Cl2N4OS
558,586.0,MRL0000037,0.0008276113596576542,Pyridoxine,6019.0,C8H12ClNO3
559,587.0,MRL0000037,0.0002,p-Aminobenzoic acid,978.0,C7H7NO2
560,588.0,MRL0000038,5.0,Ethanol,702.0,C2H6O
564,592.0,MRL0000038,0.015,EDTA,6049.0,C10H16N2O8
574,603.0,MRL0000038,5e-05,Biotin,171548.0,C10H16N2O3S
575,604.0,MRL0000038,0.0009158866736621197,pantothenate,443753.0,C18H32CaN2O10
576,605.0,MRL0000038,0.001,Niacin,938.0,C6H5NO2
577,606.0,MRL0000038,0.025,Inositol,892.0,C6H12O6
578,607.0,MRL0000038,0.0007898013637711236,Thiamine,6202.0,C12H18Cl2N4OS
579,608.0,MRL0000038,0.0008276113596576542,Pyridoxine,6019.0,C8H12ClNO3
580,609.0,MRL0000038,0.0002,p-Aminobenzoic acid,978.0,C7H7NO2
581,610.0,MRL0000039,,Glucose,5793.0,C6H12O6
582,613.0,MRL0000040,2.0,Glucose,5793.0,C6H12O6
583,614.0,MRL0000040,10.0,Succinic acid,1110.0,C4H6O4
585,617.0,MRL0000040,0.04,Tyrosine,6057.0,C9H11NO3
586,618.0,MRL0000040,0.04,Lysine,5962.0,C6H14N2O2
587,619.0,MRL0000040,0.04,Histidine,6274.0,C6H9N3O2
588,620.0,MRL0000040,0.01,Adenine,190.0,C5H5N5
589,621.0,MRL0000040,0.01,Uracil,1174.0,C4H4N2O2
590,623.0,MRL0000041,20.0,Glucose,5793.0,C6H12O6
591,627.0,MRL0000041,0.01,Adenine,190.0,C5H5N5
592,628.0,MRL0000041,0.01,Uracil,1174.0,C4H4N2O2
593,629.0,MRL0000041,10.0,Succinic acid,1110.0,C4H6O4
595,634.0,MRL0000042,0.01,Adenine,190.0,C5H5N5
596,635.0,MRL0000042,0.01,Uracil,1174.0,C4H4N2O2
597,636.0,MRL0000042,10.0,Succinic acid,1110.0,C4H6O4
599,638.0,MRL0000042,30.0,Acetate,175.0,C2H3O2-
600,642.0,MRL0000043,0.01,Adenine,190.0,C5H5N5
601,643.0,MRL0000043,0.01,Uracil,1174.0,C4H4N2O2
602,644.0,MRL0000043,10.0,Succinic acid,1110.0,C4H6O4
604,646.0,MRL0000043,20.0,Glycerol,753.0,C3H8O3
605,647.0,MRL0000044,20.0,Glucose,5793.0,C6H12O6
606,649.0,MRL0000044,10.0,Succinic acid,1110.0,C4H6O4
608,652.0,MRL0000045,10.0,Succinic acid,1110.0,C4H6O4
610,654.0,MRL0000045,30.0,Acetate,175.0,C2H3O2-
611,655.0,MRL0000046,20.0,Glucose,5793.0,C6H12O6
613,658.0,MRL0000046,10.0,Succinic acid,1110.0,C4H6O4
615,660.0,MRL0000047,20.0,Glucose,5793.0,C6H12O6
617,663.0,MRL0000047,10.0,Succinic acid,1110.0,C4H6O4
619,665.0,MRL0000047,100.0,Proline,145742.0,C5H9NO2
620,666.0,MRL0000048,20.0,Glucose,5793.0,C6H12O6
622,669.0,MRL0000048,10.0,Succinic acid,1110.0,C4H6O4
624,671.0,MRL0000048,100.0,Leucine,6106.0,C6H13NO2
625,672.0,MRL0000049,10.0,Glucose,5793.0,C6H12O6
629,678.0,MRL0000049,0.1,Adenine,190.0,C5H5N5
630,679.0,MRL0000050,20.0,Glucose,5793.0,C6H12O6
631,681.0,MRL0000050,0.29,Threonine,6288.0,C4H9NO3
632,682.0,MRL0000050,0.08600000000000001,Leucine,6106.0,C6H13NO2
633,683.0,MRL0000050,0.07200000000000001,Phenylalanine,6140.0,C9H11NO2
634,684.0,MRL0000050,0.043000000000000003,Lysine,5962.0,C6H14N2O2
635,685.0,MRL0000050,0.043000000000000003,Tyrosine,6057.0,C9H11NO3
636,686.0,MRL0000050,0.029,Adenine,190.0,C5H5N5
637,687.0,MRL0000050,0.029,Arginine,6322.0,C6H14N4O2
638,688.0,MRL0000050,0.029,Histidine,6274.0,C6H9N3O2
639,689.0,MRL0000050,0.029,Methionine,6137.0,C5H11NO2S
640,690.0,MRL0000050,0.029,Tryptophane,6305.0,C11H12N2O2
641,691.0,MRL0000050,0.009000000000000001,Inositol,892.0,C6H12O6
642,692.0,MRL0000051,27.1,Glucose,5793.0,C6H12O6
645,695.0,MRL0000051,1.42,Ethanol,702.0,C2H6O
647,697.0,MRL0000051,0.015,EDTA,6049.0,C10H16N2O8
657,708.0,MRL0000051,5e-05,Biotin,171548.0,C10H16N2O3S
658,709.0,MRL0000051,0.0009158866736621197,pantothenate,443753.0,C18H32CaN2O10
659,710.0,MRL0000051,0.001,Niacin,938.0,C6H5NO2
660,711.0,MRL0000051,0.025,Inositol,892.0,C6H12O6
661,712.0,MRL0000051,0.0007898013637711236,Thiamine,6202.0,C12H18Cl2N4OS
662,713.0,MRL0000051,0.0008276113596576542,Pyridoxine,6019.0,C8H12ClNO3
663,714.0,MRL0000051,0.0002,p-Aminobenzoic acid,978.0,C7H7NO2
664,715.0,MRL0000053,10.0,Glucose,5793.0,C6H12O6
666,717.0,MRL0000053,0.75,Glutamate,33032.0,C5H9NO4
670,721.0,MRL0000053,0.02,Inositol,892.0,C6H12O6
672,723.0,MRL0000053,0.005,Thiamine,1130.0,C12H17N4OS+
674,725.0,MRL0000053,0.0008276113596576542,Pyridoxine,6019.0,C8H12ClNO3
675,726.0,MRL0000053,0.00045794333683105983,pantothenate,443753.0,C18H32CaN2O10
677,728.0,MRL0000053,2e-05,Biotin,171548.0,C10H16N2O3S
678,729.0,MRL0000054,20.0,Glucose,5793.0,C6H12O6
679,732.0,MRL0000055,10.0,Glucose,5793.0,C6H12O6
680,733.0,MRL0000055,20.0,Ethanol,702.0,C2H6O
684,737.0,MRL0000055,0.015,EDTA,6049.0,C10H16N2O8
694,747.0,MRL0000055,5e-05,Biotin,171548.0,C10H16N2O3S
695,748.0,MRL0000055,0.0002,p-Aminobenzoic acid,978.0,C7H7NO2
696,749.0,MRL0000055,0.001,Niacin,938.0,C6H5NO2
697,750.0,MRL0000055,0.0009158866736621197,pantothenate,443753.0,C18H32CaN2O10
698,751.0,MRL0000055,0.0008276113596576542,Pyridoxine,6019.0,C8H12ClNO3
699,752.0,MRL0000055,0.0007898013637711236,Thiamine,6202.0,C12H18Cl2N4OS
700,753.0,MRL0000055,0.025,Inositol,892.0,C6H12O6
701,754.0,MRL0000056,10.0,Glucose,5793.0,C6H12O6
702,755.0,MRL0000056,40.0,Ethanol,702.0,C2H6O
706,759.0,MRL0000056,0.015,EDTA,6049.0,C10H16N2O8
716,769.0,MRL0000056,5e-05,Biotin,171548.0,C10H16N2O3S
717,770.0,MRL0000056,0.0002,p-Aminobenzoic acid,978.0,C7H7NO2
718,771.0,MRL0000056,0.001,Niacin,938.0,C6H5NO2
719,772.0,MRL0000056,0.0009158866736621197,pantothenate,443753.0,C18H32CaN2O10
720,773.0,MRL0000056,0.0008276113596576542,Pyridoxine,6019.0,C8H12ClNO3
721,774.0,MRL0000056,0.0007898013637711236,Thiamine,6202.0,C12H18Cl2N4OS
722,775.0,MRL0000056,0.025,Inositol,892.0,C6H12O6
723,776.0,MRL0000057,10.0,Glucose,5793.0,C6H12O6
724,777.0,MRL0000057,60.0,Ethanol,702.0,C2H6O
728,781.0,MRL0000057,0.015,EDTA,6049.0,C10H16N2O8
738,791.0,MRL0000057,5e-05,Biotin,171548.0,C10H16N2O3S
739,792.0,MRL0000057,0.0002,p-Aminobenzoic acid,978.0,C7H7NO2
740,793.0,MRL0000057,0.001,Niacin,938.0,C6H5NO2
741,794.0,MRL0000057,0.0009158866736621197,pantothenate,443753.0,C18H32CaN2O10
742,795.0,MRL0000057,0.0008276113596576542,Pyridoxine,6019.0,C8H12ClNO3
743,796.0,MRL0000057,0.0007898013637711236,Thiamine,6202.0,C12H18Cl2N4OS
744,797.0,MRL0000057,0.025,Inositol,892.0,C6H12O6
745,798.0,MRL0000058,10.0,Glucose,5793.0,C6H12O6
750,803.0,MRL0000058,0.015,EDTA,6049.0,C10H16N2O8
760,813.0,MRL0000058,5e-05,Biotin,171548.0,C10H16N2O3S
761,814.0,MRL0000058,0.0002,p-Aminobenzoic acid,978.0,C7H7NO2
762,815.0,MRL0000058,0.001,Niacin,938.0,C6H5NO2
763,816.0,MRL0000058,0.0009158866736621197,pantothenate,443753.0,C18H32CaN2O10
764,817.0,MRL0000058,0.0008276113596576542,Pyridoxine,6019.0,C8H12ClNO3
765,818.0,MRL0000058,0.0007898013637711236,Thiamine,6202.0,C12H18Cl2N4OS
766,819.0,MRL0000058,0.025,Inositol,892.0,C6H12O6
767,820.0,MRL0000059,10.0,Glucose,5793.0,C6H12O6
772,825.0,MRL0000059,0.015,EDTA,6049.0,C10H16N2O8
782,835.0,MRL0000059,5e-05,Biotin,171548.0,C10H16N2O3S
783,836.0,MRL0000059,0.0002,p-Aminobenzoic acid,978.0,C7H7NO2
784,837.0,MRL0000059,0.001,Niacin,938.0,C6H5NO2
785,838.0,MRL0000059,0.0009158866736621197,pantothenate,443753.0,C18H32CaN2O10
786,839.0,MRL0000059,0.0008276113596576542,Pyridoxine,6019.0,C8H12ClNO3
787,840.0,MRL0000059,0.0007898013637711236,Thiamine,6202.0,C12H18Cl2N4OS
788,841.0,MRL0000059,0.025,Inositol,892.0,C6H12O6
789,842.0,MRL0000060,10.0,Glucose,5793.0,C6H12O6
794,847.0,MRL0000060,0.015,EDTA,6049.0,C10H16N2O8
804,857.0,MRL0000060,5e-05,Biotin,171548.0,C10H16N2O3S
805,858.0,MRL0000060,0.0002,p-Aminobenzoic acid,978.0,C7H7NO2
806,859.0,MRL0000060,0.001,Niacin,938.0,C6H5NO2
807,860.0,MRL0000060,0.0009158866736621197,pantothenate,443753.0,C18H32CaN2O10
808,861.0,MRL0000060,0.0008276113596576542,Pyridoxine,6019.0,C8H12ClNO3
809,862.0,MRL0000060,0.0007898013637711236,Thiamine,6202.0,C12H18Cl2N4OS
810,863.0,MRL0000060,0.025,Inositol,892.0,C6H12O6
811,864.0,MRL0000061,10.0,Glucose,5793.0,C6H12O6
815,868.0,MRL0000061,0.015,EDTA,6049.0,C10H16N2O8
825,878.0,MRL0000061,5e-05,Biotin,171548.0,C10H16N2O3S
826,879.0,MRL0000061,0.0002,p-Aminobenzoic acid,978.0,C7H7NO2
827,880.0,MRL0000061,0.001,Niacin,938.0,C6H5NO2
828,881.0,MRL0000061,0.0009158866736621197,pantothenate,443753.0,C18H32CaN2O10
829,882.0,MRL0000061,0.0008276113596576542,Pyridoxine,6019.0,C8H12ClNO3
830,883.0,MRL0000061,0.0007898013637711236,Thiamine,6202.0,C12H18Cl2N4OS
831,884.0,MRL0000061,0.025,Inositol,892.0,C6H12O6
832,885.0,MRL0000062,7.5,Glucose,5793.0,C6H12O6
837,890.0,MRL0000062,0.015,EDTA,6049.0,C10H16N2O8
847,901.0,MRL0000062,5e-05,Biotin,171548.0,C10H16N2O3S
848,902.0,MRL0000062,0.0009158866736621197,pantothenate,443753.0,C18H32CaN2O10
849,903.0,MRL0000062,0.001,Niacin,938.0,C6H5NO2
850,904.0,MRL0000062,0.025,Inositol,892.0,C6H12O6
851,905.0,MRL0000062,0.0007898013637711236,Thiamine,6202.0,C12H18Cl2N4OS
852,906.0,MRL0000062,0.0008276113596576542,Pyridoxine,6019.0,C8H12ClNO3
853,907.0,MRL0000062,0.0002,p-Aminobenzoic acid,978.0,C7H7NO2
854,908.0,MRL0000063,5.0,Glucose,5793.0,C6H12O6
867,921.0,MRL0000063,0.015,EDTA,6049.0,C10H16N2O8
868,922.0,MRL0000063,5e-05,Biotin,171548.0,C10H16N2O3S
869,923.0,MRL0000063,0.0009158866736621197,pantothenate,443753.0,C18H32CaN2O10
870,924.0,MRL0000063,0.001,Niacin,938.0,C6H5NO2
871,925.0,MRL0000063,0.025,Inositol,892.0,C6H12O6
872,926.0,MRL0000063,0.001,Pyridoxine,1054.0,C8H11NO3
873,927.0,MRL0000063,0.0002,p-Aminobenzoic acid,978.0,C7H7NO2
874,928.0,MRL0000063,0.001,Thiamine,1130.0,C12H17N4OS+
875,929.0,MRL0000063,16.512,phthalate,23676735.0,C8H5KO4
876,930.0,MRL0000064,5.0,Glucose,5793.0,C6H12O6
885,939.0,MRL0000064,0.0009158866736621197,pantothenate,443753.0,C18H32CaN2O10
886,940.0,MRL0000064,0.01,Inositol,892.0,C6H12O6
887,941.0,MRL0000064,0.002,Niacin,938.0,C6H5NO2
888,942.0,MRL0000064,0.0008276113596576542,Pyridoxine,6019.0,C8H12ClNO3
889,943.0,MRL0000064,0.0007898013637711236,Thiamine,6202.0,C12H18Cl2N4OS
890,944.0,MRL0000064,1e-05,Biotin,171548.0,C10H16N2O3S
891,945.0,MRL0000065,5.0,Glucose,5793.0,C6H12O6
900,954.0,MRL0000065,0.0009158866736621197,pantothenate,443753.0,C18H32CaN2O10
901,955.0,MRL0000065,0.01,Inositol,892.0,C6H12O6
902,956.0,MRL0000065,0.002,Niacin,938.0,C6H5NO2
903,957.0,MRL0000065,0.0008276113596576542,Pyridoxine,6019.0,C8H12ClNO3
904,958.0,MRL0000065,0.0007898013637711236,Thiamine,6202.0,C12H18Cl2N4OS
905,959.0,MRL0000065,1e-05,Biotin,171548.0,C10H16N2O3S
906,960.0,MRL0000066,50.0,Glucose,5793.0,C6H12O6
915,969.0,MRL0000066,0.0009158866736621197,pantothenate,443753.0,C18H32CaN2O10
916,970.0,MRL0000066,0.01,Inositol,892.0,C6H12O6
917,971.0,MRL0000066,0.002,Niacin,938.0,C6H5NO2
918,972.0,MRL0000066,0.0008276113596576542,Pyridoxine,6019.0,C8H12ClNO3
919,973.0,MRL0000066,0.0007898013637711236,Thiamine,6202.0,C12H18Cl2N4OS
920,974.0,MRL0000066,1e-05,Biotin,171548.0,C10H16N2O3S
921,975.0,MRL0000067,60.0,Glucose,5793.0,C6H12O6
930,984.0,MRL0000067,0.0009158866736621197,pantothenate,443753.0,C18H32CaN2O10
931,985.0,MRL0000067,0.01,Inositol,892.0,C6H12O6
932,986.0,MRL0000067,0.002,Niacin,938.0,C6H5NO2
933,987.0,MRL0000067,0.0008276113596576542,Pyridoxine,6019.0,C8H12ClNO3
934,988.0,MRL0000067,0.0007898013637711236,Thiamine,6202.0,C12H18Cl2N4OS
935,989.0,MRL0000067,1e-05,Biotin,171548.0,C10H16N2O3S
936,990.0,MRL0000068,20.0,Glucose,5793.0,C6H12O6
937,993.0,MRL0000069,20.0,Glucose,5793.0,C6H12O6
938,996.0,MRL0000069,0.06,Methionine,6137.0,C5H11NO2S
939,997.0,MRL0000069,0.06,Leucine,6106.0,C6H13NO2
940,998.0,MRL0000069,0.02,Histidine,6274.0,C6H9N3O2
941,999.0,MRL0000070,20.0,Glucose,5793.0,C6H12O6
942,1003.0,MRL0000070,0.06,Leucine,6106.0,C6H13NO2
943,1004.0,MRL0000070,0.02,Histidine,6274.0,C6H9N3O2
944,1005.0,MRL0000070,0.04,Tryptophane,6305.0,C11H12N2O2
945,1007.0,MRL0000071,20.0,Glucose,5793.0,C6H12O6
946,1009.0,MRL0000071,0.011209,Uracil,1174.0,C4H4N2O2
947,1012.0,MRL0000072,0.011209,Uracil,1174.0,C4H4N2O2
948,1013.0,MRL0000072,20.0,Galactose,6036.0,C6H12O6
949,1015.0,MRL0000073,50.0,Glucose,5793.0,C6H12O6
950,1017.0,MRL0000073,0.6,Leucine,6106.0,C6H13NO2
951,1018.0,MRL0000073,0.2417738844785108,Lysine,69568.0,C6H15ClN2O2
952,1019.0,MRL0000073,0.2,Histidine,6274.0,C6H9N3O2
953,1020.0,MRL0000073,0.2,Uracil,1174.0,C4H4N2O2
954,1021.0,MRL0000074,10.0,Glucose,5793.0,C6H12O6
956,1023.0,MRL0000074,3.14,Urea,1176.0,CH4N2O
957,1024.0,MRL0000074,0.732746929127756,citrate,6224.0,C6H5Na3O7
959,1026.0,MRL0000074,0.01,Inositol,892.0,C6H12O6
960,1027.0,MRL0000074,0.0044,Niacinamide,936.0,C6H6N2O
961,1028.0,MRL0000074,0.0012,Pyridoxine,1054.0,C8H11NO3
963,1030.0,MRL0000074,0.00045794333683105983,pantothenate,443753.0,C18H32CaN2O10
965,1032.0,MRL0000074,2e-05,Biotin,171548.0,C10H16N2O3S
966,1033.0,MRL0000075,20.0,Glucose,5793.0,C6H12O6
967,1035.0,MRL0000076,20.0,Glucose,5793.0,C6H12O6
969,1038.0,MRL0000076,-0.041068930973620195,Histidine,165377.0,C6H12ClN3O3
970,1039.0,MRL0000076,0.2,Leucine,6106.0,C6H13NO2
971,1040.0,MRL0000076,0.10154503148097455,Lysine,69568.0,C6H15ClN2O2
972,1041.0,MRL0000076,0.04,Uracil,1174.0,C4H4N2O2
973,1042.0,MRL0000077,,Glucose,5793.0,C6H12O6
974,1045.0,MRL0000078,20.0,Glucose,5793.0,C6H12O6
976,1048.0,MRL0000078,16.512,phthalate,23676735.0,C8H5KO4
977,1049.0,MRL0000078,0.04,Uracil,1174.0,C4H4N2O2
978,1050.0,MRL0000078,0.04,Tryptophane,6305.0,C11H12N2O2
979,1051.0,MRL0000078,0.06,Leucine,6106.0,C6H13NO2
980,1052.0,MRL0000079,10.0,Glucose,5793.0,C6H12O6
981,1055.0,MRL0000079,20.0,Maltose,439186.0,C12H22O11
982,1057.0,MRL0000080,5.0,Glucose,5793.0,C6H12O6
987,1062.0,MRL0000080,0.009991119005328597,Inositol,892.0,C6H12O6
988,1063.0,MRL0000080,0.004575366375976397,pantothenate,443753.0,C18H32CaN2O10
992,1067.0,MRL0000080,0.0007890999416008118,Thiamine,6202.0,C12H18Cl2N4OS
994,1069.0,MRL0000080,0.00020671908961253572,Pyridoxine,6019.0,C8H12ClNO3
995,1070.0,MRL0000080,4.995559502664298e-06,Biotin,171548.0,C10H16N2O3S
996,1071.0,MRL0000080,0.25,Polypropylene glycol,32881.0,C6H14O3
997,1072.0,MRL0000081,10.0,Glucose,5793.0,C6H12O6
1002,1077.0,MRL0000081,0.019982238010657193,Inositol,892.0,C6H12O6
1003,1078.0,MRL0000081,0.009150732751952793,pantothenate,443753.0,C18H32CaN2O10
1007,1082.0,MRL0000081,0.0015781998832016236,Thiamine,6202.0,C12H18Cl2N4OS
1009,1084.0,MRL0000081,0.00041343817922507144,Pyridoxine,6019.0,C8H12ClNO3
1010,1085.0,MRL0000081,9.991119005328596e-06,Biotin,171548.0,C10H16N2O3S
1011,1086.0,MRL0000081,0.25,Polypropylene glycol,32881.0,C6H14O3
1012,1087.0,MRL0000082,30.0,Glucose,5793.0,C6H12O6
1017,1092.0,MRL0000082,0.059946714031971576,Inositol,892.0,C6H12O6
1018,1093.0,MRL0000082,0.02745219825585838,pantothenate,443753.0,C18H32CaN2O10
1022,1097.0,MRL0000082,0.004734599649604871,Thiamine,6202.0,C12H18Cl2N4OS
1024,1099.0,MRL0000082,0.0012403145376752144,Pyridoxine,6019.0,C8H12ClNO3
1025,1100.0,MRL0000082,2.997335701598579e-05,Biotin,171548.0,C10H16N2O3S
1026,1101.0,MRL0000082,0.25,Polypropylene glycol,32881.0,C6H14O3
1027,1102.0,MRL0000083,15.0,Glucose,5793.0,C6H12O6
1028,1103.0,MRL0000083,15.0,Ethanol,702.0,C2H6O
1033,1108.0,MRL0000083,0.06904433596106935,Inositol,892.0,C6H12O6
1034,1109.0,MRL0000083,0.031618393599296836,pantothenate,443753.0,C18H32CaN2O10
1038,1113.0,MRL0000083,0.005453131070272421,Thiamine,6202.0,C12H18Cl2N4OS
1040,1115.0,MRL0000083,0.0014285469190350119,Pyridoxine,6019.0,C8H12ClNO3
1041,1116.0,MRL0000083,3.452216798053468e-05,Biotin,171548.0,C10H16N2O3S
1042,1117.0,MRL0000083,0.25,Polypropylene glycol,32881.0,C6H14O3
1043,1118.0,MRL0000084,15.0,Glucose,5793.0,C6H12O6
1045,1120.0,MRL0000084,5.0,Ethanol,702.0,C2H6O
1049,1124.0,MRL0000084,0.04299701666434698,Inositol,892.0,C6H12O6
1050,1125.0,MRL0000084,0.01969019728505174,pantothenate,443753.0,C18H32CaN2O10
1054,1129.0,MRL0000084,0.003395910239959098,Thiamine,6202.0,C12H18Cl2N4OS
1056,1131.0,MRL0000084,0.0008896204855700755,Pyridoxine,6019.0,C8H12ClNO3
1057,1132.0,MRL0000084,2.1498508332173494e-05,Biotin,171548.0,C10H16N2O3S
1058,1133.0,MRL0000084,0.25,Polypropylene glycol,32881.0,C6H14O3
1059,1134.0,MRL0000085,,Glucose,5793.0,C6H12O6
1060,1136.0,MRL0000085,7.5,Calcofluor,6434593.0,C40H42N12Na2O10S2
1061,1137.0,MRL0000086,30.627200000000002,Glucose,5793.0,C6H12O6
1066,1144.0,MRL0000087,10.0,Galactose,6036.0,C6H12O6
1068,1147.0,MRL0000088,20.0,Glucose,5793.0,C6H12O6
1069,1149.0,MRL0000090,20.0,Glucose,5793.0,C6H12O6
1071,1152.0,MRL0000090,0.055,Adenine,190.0,C5H5N5
1072,1153.0,MRL0000090,0.055,Tyrosine,6057.0,C9H11NO3
1073,1154.0,MRL0000090,0.055,Uracil,1174.0,C4H4N2O2
1074,1155.0,MRL0000090,0.006,Isoleucine,6306.0,C6H13NO2
1075,1156.0,MRL0000090,0.006,Leucine,6106.0,C6H13NO2
1076,1157.0,MRL0000090,0.006,Phenylalanine,6140.0,C9H11NO2
1077,1158.0,MRL0000090,0.005,Threonine,6288.0,C4H9NO3
1078,1159.0,MRL0000090,0.004,Lysine,5962.0,C6H14N2O2
1079,1160.0,MRL0000090,0.004,Tryptophane,6305.0,C11H12N2O2
1080,1161.0,MRL0000090,0.002,Arginine,6322.0,C6H14N4O2
1081,1162.0,MRL0000090,0.001,Histidine,6274.0,C6H9N3O2
1082,1163.0,MRL0000090,0.001,Methionine,6137.0,C5H11NO2S
1087,1168.0,MRL0000091,0.002,Inositol,892.0,C6H12O6
1089,1170.0,MRL0000091,0.0003663546694648478,pantothenate,443753.0,C18H32CaN2O10
1091,1172.0,MRL0000091,0.00039999999999999996,Niacin,938.0,C6H5NO2
1092,1173.0,MRL0000091,0.00033104454386306164,Pyridoxine,6019.0,C8H12ClNO3
1093,1174.0,MRL0000091,0.0003159205455084494,Thiamine,6202.0,C12H18Cl2N4OS
1096,1177.0,MRL0000091,0.00019999999999999998,p-Aminobenzoic acid,978.0,C7H7NO2
1097,1178.0,MRL0000091,0.00019999999999999998,Riboflavin,493570.0,C17H20N4O6
1101,1182.0,MRL0000091,2e-06,Biotin,171548.0,C10H16N2O3S
1102,1183.0,MRL0000091,2e-06,Folic acid,6037.0,C19H19N7O6
1103,1184.0,MRL0000092,0.013000000000000001,Glucose,5793.0,C6H12O6
1108,1189.0,MRL0000092,2.5976909413854352e-05,Inositol,892.0,C6H12O6
1109,1190.0,MRL0000092,1.1895952577538632e-05,pantothenate,443753.0,C18H32CaN2O10
1113,1194.0,MRL0000092,2.051659848162111e-06,Thiamine,6202.0,C12H18Cl2N4OS
1115,1196.0,MRL0000092,5.374696329925929e-07,Pyridoxine,6019.0,C8H12ClNO3
1116,1197.0,MRL0000092,1.2988454706927177e-08,Biotin,171548.0,C10H16N2O3S
1117,1198.0,MRL0000092,0.25,Polypropylene glycol,32881.0,C6H14O3
1118,1199.0,MRL0000093,7.5,Glucose,5793.0,C6H12O6
1122,1203.0,MRL0000093,0.015,EDTA,6049.0,C10H16N2O8
1132,1214.0,MRL0000093,5e-05,Biotin,171548.0,C10H16N2O3S
1133,1215.0,MRL0000093,0.0009158866736621197,pantothenate,443753.0,C18H32CaN2O10
1134,1216.0,MRL0000093,0.001,Niacin,938.0,C6H5NO2
1135,1217.0,MRL0000093,0.025,Inositol,892.0,C6H12O6
1136,1218.0,MRL0000093,0.0007898013637711236,Thiamine,6202.0,C12H18Cl2N4OS
1137,1219.0,MRL0000093,0.0008276113596576542,Pyridoxine,6019.0,C8H12ClNO3
1138,1220.0,MRL0000093,0.0002,p-Aminobenzoic acid,978.0,C7H7NO2
1139,1221.0,MRL0000095,27.9,Glucose,5793.0,C6H12O6
1145,1227.0,MRL0000095,0.06,Inositol,892.0,C6H12O6
1146,1228.0,MRL0000095,0.014,Thiamine,1130.0,C12H17N4OS+
1148,1230.0,MRL0000095,0.003,Pyridoxine,1054.0,C8H11NO3
1149,1231.0,MRL0000095,2.25,Glutamate,33032.0,C5H9NO4
1150,1232.0,MRL0000095,0.0013738300104931794,pantothenate,443753.0,C18H32CaN2O10
1152,1234.0,MRL0000095,0.0001,Biotin,171548.0,C10H16N2O3S
1153,1238.0,MRL0000097,9.3,Glucose,5793.0,C6H12O6
1158,1243.0,MRL0000097,0.0011021678143330787,hydrate,15942308.0,FeH20N2O14S2
1159,1244.0,MRL0000097,0.02,Inositol,892.0,C6H12O6
1160,1245.0,MRL0000097,0.0044,Thiamine,1130.0,C12H17N4OS+
1162,1247.0,MRL0000097,0.001,Pyridoxine,1054.0,C8H11NO3
1163,1248.0,MRL0000097,0.75,Asparagine,6267.0,C4H8N2O3
1164,1249.0,MRL0000097,0.00045794333683105983,pantothenate,443753.0,C18H32CaN2O10
1166,1251.0,MRL0000097,3e-05,Biotin,171548.0,C10H16N2O3S
1167,1252.0,MRL0000098,27.9,Glucose,5793.0,C6H12O6
1172,1257.0,MRL0000098,0.003306503442999237,hydrate,15942308.0,FeH20N2O14S2
1173,1258.0,MRL0000098,0.06,Inositol,892.0,C6H12O6
1174,1259.0,MRL0000098,0.014,Thiamine,1130.0,C12H17N4OS+
1176,1261.0,MRL0000098,0.003,Pyridoxine,1054.0,C8H11NO3
1177,1262.0,MRL0000098,2.25,Glutamate,33032.0,C5H9NO4
1178,1263.0,MRL0000098,0.0013738300104931794,pantothenate,443753.0,C18H32CaN2O10
1180,1265.0,MRL0000098,0.0001,Biotin,171548.0,C10H16N2O3S
1181,1267.0,MRL0000099,9.2,Glucose,5793.0,C6H12O6
1189,1275.0,MRL0000099,0.02,Inositol,892.0,C6H12O6
1190,1276.0,MRL0000099,0.0044,Thiamine,1130.0,C12H17N4OS+
1191,1277.0,MRL0000099,0.0012,Pyridoxine,1054.0,C8H11NO3
1192,1278.0,MRL0000099,0.00045794333683105983,pantothenate,443753.0,C18H32CaN2O10
1193,1279.0,MRL0000099,3e-05,Biotin,171548.0,C10H16N2O3S
1194,1280.0,MRL0000099,0.75,Glutamate,33032.0,C5H9NO4
1195,1281.0,MRL0000100,9.2,Glucose,5793.0,C6H12O6
1203,1289.0,MRL0000100,0.02,Inositol,892.0,C6H12O6
1204,1290.0,MRL0000100,0.0044,Thiamine,1130.0,C12H17N4OS+
1205,1291.0,MRL0000100,0.0012,Pyridoxine,1054.0,C8H11NO3
1206,1292.0,MRL0000100,0.00045794333683105983,pantothenate,443753.0,C18H32CaN2O10
1207,1293.0,MRL0000100,3e-05,Biotin,171548.0,C10H16N2O3S
1208,1294.0,MRL0000101,10.0,Glucose,5793.0,C6H12O6
1209,1300.0,MRL0000102,20.0,Glucose,5793.0,C6H12O6
1210,1306.0,MRL0000103,30.0,Glucose,5793.0,C6H12O6
1211,1312.0,MRL0000104,0.02,Glucose,5793.0,C6H12O6
1212,1313.0,MRL0000104,1.4,Ethanol,702.0,C2H6O
1216,1317.0,MRL0000104,0.015,EDTA,6049.0,C10H16N2O8
1226,1328.0,MRL0000104,5e-05,Biotin,171548.0,C10H16N2O3S
1227,1329.0,MRL0000104,0.0009158866736621197,pantothenate,443753.0,C18H32CaN2O10
1228,1330.0,MRL0000104,0.001,Niacin,938.0,C6H5NO2
1229,1331.0,MRL0000104,0.025,Inositol,892.0,C6H12O6
1230,1332.0,MRL0000104,0.0007898013637711236,Thiamine,6202.0,C12H18Cl2N4OS
1231,1333.0,MRL0000104,0.0008276113596576542,Pyridoxine,6019.0,C8H12ClNO3
1232,1334.0,MRL0000104,0.0002,p-Aminobenzoic acid,978.0,C7H7NO2
1233,1335.0,MRL0000106,20.0,Glucose,5793.0,C6H12O6
1234,1338.0,MRL0000106,0.029567247651626216,Adenine,9449.0,C10H12N10O4S
1235,1339.0,MRL0000107,20.0,Glucose,5793.0,C6H12O6
1239,1343.0,MRL0000107,0.2797513321492007,Citrate,311.0,C6H8O7
1248,1352.0,MRL0000107,0.00010657193605683837,Biotin,171548.0,C10H16N2O3S
1249,1353.0,MRL0000107,0.010657193605683837,p-Aminobenzoic acid,978.0,C7H7NO2
1250,1354.0,MRL0000107,0.010657193605683837,Flavin mononucleotide,643976.0,C17H21N4O9P
1251,1355.0,MRL0000107,0.017640028980269715,Pyridoxine,6019.0,C8H12ClNO3
1252,1356.0,MRL0000107,0.021314387211367674,Thiamine,1130.0,C12H17N4OS+
1253,1357.0,MRL0000107,0.01952156320416596,pantothenate,443753.0,C18H32CaN2O10
1254,1358.0,MRL0000107,0.021314387211367674,Niacin,938.0,C6H5NO2
1255,1359.0,MRL0000107,0.10657193605683837,Inositol,892.0,C6H12O6
1259,1363.0,MRL0000108,0.147239263803681,Citrate,311.0,C6H8O7
1268,1372.0,MRL0000108,5.6091148115688004e-05,Biotin,171548.0,C10H16N2O3S
1269,1373.0,MRL0000108,0.0056091148115688,p-Aminobenzoic acid,978.0,C7H7NO2
1270,1374.0,MRL0000108,0.0056091148115688,Flavin mononucleotide,643976.0,C17H21N4O9P
1271,1375.0,MRL0000108,0.009284334271356682,Pyridoxine,6019.0,C8H12ClNO3
1272,1376.0,MRL0000108,0.0112182296231376,Thiamine,1130.0,C12H17N4OS+
1273,1377.0,MRL0000108,0.010274627013913351,pantothenate,443753.0,C18H32CaN2O10
1274,1378.0,MRL0000108,0.0112182296231376,Niacin,938.0,C6H5NO2
1275,1379.0,MRL0000108,0.056091148115687994,Inositol,892.0,C6H12O6
1276,1380.0,MRL0000108,10.0,Maltose,6255.0,C12H22O11
1280,1384.0,MRL0000109,0.2797513321492007,Citrate,311.0,C6H8O7
1289,1393.0,MRL0000109,0.00010657193605683837,Biotin,171548.0,C10H16N2O3S
1290,1394.0,MRL0000109,0.010657193605683837,p-Aminobenzoic acid,978.0,C7H7NO2
1291,1395.0,MRL0000109,0.010657193605683837,Flavin mononucleotide,643976.0,C17H21N4O9P
1292,1396.0,MRL0000109,0.017640028980269715,Pyridoxine,6019.0,C8H12ClNO3
1293,1397.0,MRL0000109,0.021314387211367674,Thiamine,1130.0,C12H17N4OS+
1294,1398.0,MRL0000109,0.01952156320416596,pantothenate,443753.0,C18H32CaN2O10
1295,1399.0,MRL0000109,0.021314387211367674,Niacin,938.0,C6H5NO2
1296,1400.0,MRL0000109,0.10657193605683837,Inositol,892.0,C6H12O6
1297,1401.0,MRL0000109,20.0,Galactose,6036.0,C6H12O6
1301,1405.0,MRL0000110,1.09398741046234,Citrate,311.0,C6H8O7
1310,1414.0,MRL0000110,0.0004167571087475581,Biotin,171548.0,C10H16N2O3S
1311,1415.0,MRL0000110,0.04167571087475581,p-Aminobenzoic acid,978.0,C7H7NO2
1312,1416.0,MRL0000110,0.04167571087475581,Flavin mononucleotide,643976.0,C17H21N4O9P
1313,1417.0,MRL0000110,0.06898258348351187,Pyridoxine,6019.0,C8H12ClNO3
1314,1418.0,MRL0000110,0.08335142174951161,Thiamine,1130.0,C12H17N4OS+
1315,1419.0,MRL0000110,0.07634045641116864,pantothenate,443753.0,C18H32CaN2O10
1316,1420.0,MRL0000110,0.08335142174951161,Niacin,938.0,C6H5NO2
1317,1421.0,MRL0000110,0.4167571087475581,Inositol,892.0,C6H12O6
1318,1422.0,MRL0000110,60.0,Ethanol,702.0,C2H6O
1319,1423.0,MRL0000110,,Adenine,190.0,C5H5N5
1320,1424.0,MRL0000111,20.0,Glucose,5793.0,C6H12O6
1321,1427.0,MRL0000112,20.0,Glucose,5793.0,C6H12O6
1322,1432.0,MRL0000113,20.0,Fructose,28757.0,C21H26N2O5
1323,1435.0,MRL0000114,20.0,Galactose,6036.0,C6H12O6
1324,1438.0,MRL0000115,20.0,Maltose,6255.0,C12H22O11
1325,1441.0,MRL0000116,20.0,Ethanol,702.0,C2H6O
1326,1444.0,MRL0000117,20.0,Glycerol,753.0,C3H8O3
1327,1445.0,MRL0000118,10.0,Glucose,5793.0,C6H12O6
1328,1448.0,MRL0000121,19.8176,Glucose,5793.0,C6H12O6
1335,1457.0,MRL0000122,4.607,Ethanol,702.0,C2H6O
1336,1458.0,MRL0000123,19.8176,Glucose,5793.0,C6H12O6
1340,1463.0,MRL0000123,4.607,Ethanol,702.0,C2H6O
1341,1464.0,MRL0000124,,Glucose,5793.0,C6H12O6
1345,1469.0,MRL0000125,20.0,Glucose,5793.0,C6H12O6
1346,1471.0,MRL0000126,20.0,Glucose,5793.0,C6H12O6
1347,1474.0,MRL0000127,80.0,Glucose,5793.0,C6H12O6
1354,1481.0,MRL0000127,0.002,Inositol,892.0,C6H12O6
1355,1482.0,MRL0000127,0.002,Thiamine,1130.0,C12H17N4OS+
1356,1483.0,MRL0000127,0.0016552227193153083,Pyridoxine,6019.0,C8H12ClNO3
1357,1484.0,MRL0000127,0.0005,Niacin,938.0,C6H5NO2
1358,1485.0,MRL0000127,0.00036635466946484787,pantothenate,443753.0,C18H32CaN2O10
1359,1486.0,MRL0000127,2e-06,Biotin,171548.0,C10H16N2O3S
1360,1487.0,MRL0000127,3.3,Citrate,311.0,C6H8O7
1361,1488.0,MRL0000127,3.810284031464332,citrate,6224.0,C6H5Na3O7
1362,1489.0,MRL0000128,20.0,Glucose,5793.0,C6H12O6
1363,1492.0,MRL0000129,20.0,Glucose,5793.0,C6H12O6
1364,1495.0,MRL0000130,20.0,Raffinose,439242.0,C18H32O16
1365,1496.0,MRL0000130,10.0,Galactose,6036.0,C6H12O6
1367,1500.0,MRL0000131,20.0,Glucose,5793.0,C6H12O6
1369,1504.0,MRL0000132,20.0,Raffinose,439242.0,C18H32O16
1370,1506.0,MRL0000132,0.02,Histidine,6274.0,C6H9N3O2
1371,1507.0,MRL0000132,0.12,Leucine,6106.0,C6H13NO2
1372,1508.0,MRL0000132,0.06,Lysine,5962.0,C6H14N2O2
1373,1509.0,MRL0000132,0.02,Arginine,6322.0,C6H14N4O2
1374,1510.0,MRL0000132,0.02,Tryptophane,6305.0,C11H12N2O2
1375,1511.0,MRL0000132,0.02,Tyrosine,6057.0,C9H11NO3
1376,1512.0,MRL0000132,0.04,Threonine,6288.0,C4H9NO3
1377,1513.0,MRL0000132,0.02,Methionine,6137.0,C5H11NO2S
1378,1514.0,MRL0000132,0.05,Phenylalanine,6140.0,C9H11NO2
1379,1515.0,MRL0000132,0.02,Uracil,1174.0,C4H4N2O2
1380,1516.0,MRL0000132,0.02,Adenine,190.0,C5H5N5
1395,1538.0,MRL0000142,20.0,Glucose,5793.0,C6H12O6
1396,1540.0,MRL0000142,20.0,Agar,71571511.0,C14H24O9
1397,1541.0,MRL0000142,0.29567247651626216,Adenine,9449.0,C10H12N10O4S
1398,1542.0,MRL0000142,0.2,Uracil,1174.0,C4H4N2O2
1399,1543.0,MRL0000142,0.4,Tryptophane,6305.0,C11H12N2O2
1400,1544.0,MRL0000142,0.16299775585825377,Histidine,66091.0,C6H10ClN3O2
1401,1545.0,MRL0000142,0.16634387164150766,Arginine,66250.0,C6H15ClN4O2
1402,1546.0,MRL0000142,0.3,Tyrosine,6057.0,C9H11NO3
1403,1547.0,MRL0000142,0.6,Leucine,6106.0,C6H13NO2
1404,1548.0,MRL0000142,0.2417738844785108,Lysine,69568.0,C6H15ClN2O2
1405,1549.0,MRL0000142,0.5,Phenylalanine,6140.0,C9H11NO2
1406,1550.0,MRL0000142,1.0,Glutamate,33032.0,C5H9NO4
1407,1551.0,MRL0000142,1.0,Asparagine,6267.0,C4H8N2O3
1408,1552.0,MRL0000142,1.5,Valine,6287.0,C5H11NO2
1409,1553.0,MRL0000142,2.0,Threonine,6288.0,C4H9NO3
1410,1554.0,MRL0000142,3.75,Serine,5951.0,C3H7NO3
1411,1555.0,MRL0000142,0.2,Methionine,6137.0,C5H11NO2S
1412,1556.0,MRL0000143,20.0,Glucose,5793.0,C6H12O6
1413,1558.0,MRL0000143,20.0,Agar,71571511.0,C14H24O9
1414,1559.0,MRL0000143,0.29567247651626216,Adenine,9449.0,C10H12N10O4S
1415,1560.0,MRL0000143,0.2,Uracil,1174.0,C4H4N2O2
1416,1561.0,MRL0000143,0.4,Tryptophane,6305.0,C11H12N2O2
1417,1562.0,MRL0000143,0.16299775585825377,Histidine,66091.0,C6H10ClN3O2
1418,1563.0,MRL0000143,0.16634387164150766,Arginine,66250.0,C6H15ClN4O2
1419,1564.0,MRL0000143,0.3,Tyrosine,6057.0,C9H11NO3
1420,1565.0,MRL0000143,0.6,Leucine,6106.0,C6H13NO2
1421,1566.0,MRL0000143,0.2417738844785108,Lysine,69568.0,C6H15ClN2O2
1422,1567.0,MRL0000143,0.5,Phenylalanine,6140.0,C9H11NO2
1423,1568.0,MRL0000143,1.0,Glutamate,33032.0,C5H9NO4
1424,1569.0,MRL0000143,1.0,Asparagine,6267.0,C4H8N2O3
1425,1570.0,MRL0000143,1.5,Valine,6287.0,C5H11NO2
1426,1571.0,MRL0000143,2.0,Threonine,6288.0,C4H9NO3
1427,1572.0,MRL0000143,3.75,Serine,5951.0,C3H7NO3
1428,1573.0,MRL0000143,0.2,Methionine,6137.0,C5H11NO2S
1429,1574.0,MRL0000143,0.0009142,Rapamycin,5284616.0,C51H79NO13
1430,1576.0,MRL0000144,20.0,Glucose,5793.0,C6H12O6
1432,1580.0,MRL0000145,20.0,Glucose,5793.0,C6H12O6
1434,1584.0,MRL0000146,20.0,Raffinose,439242.0,C18H32O16
1436,1588.0,MRL0000147,20.0,Galactose,6036.0,C6H12O6
1437,1590.0,MRL0000148,20.0,Agar,71571511.0,C14H24O9
1438,1591.0,MRL0000148,20.0,Glucose,5793.0,C6H12O6
1439,1592.0,MRL0000148,0.29567247651626216,Adenine,9449.0,C10H12N10O4S
1440,1593.0,MRL0000148,0.2,Uracil,1174.0,C4H4N2O2
1441,1594.0,MRL0000148,0.4,Tryptophane,6305.0,C11H12N2O2
1442,1595.0,MRL0000148,0.16299775585825377,Histidine,66091.0,C6H10ClN3O2
1443,1596.0,MRL0000148,0.16634387164150766,Arginine,66250.0,C6H15ClN4O2
1444,1597.0,MRL0000148,0.3,Tyrosine,6057.0,C9H11NO3
1445,1598.0,MRL0000148,0.6,Leucine,6106.0,C6H13NO2
1446,1599.0,MRL0000148,0.2417738844785108,Lysine,69568.0,C6H15ClN2O2
1447,1600.0,MRL0000148,0.5,Phenylalanine,6140.0,C9H11NO2
1448,1601.0,MRL0000148,1.0,Glutamate,33032.0,C5H9NO4
1449,1602.0,MRL0000148,1.0,Asparagine,6267.0,C4H8N2O3
1450,1603.0,MRL0000148,1.5,Valine,6287.0,C5H11NO2
1451,1604.0,MRL0000148,2.0,Threonine,6288.0,C4H9NO3
1452,1605.0,MRL0000148,3.75,Serine,5951.0,C3H7NO3
1453,1606.0,MRL0000148,0.2,Methionine,6137.0,C5H11NO2S
1454,1607.0,MRL0000141,15.0,Glucose,5793.0,C6H12O6
1458,1611.0,MRL0000141,0.0388458106540555,EDTA,8759.0,C10H14N2Na2O8
1468,1621.0,MRL0000141,0.00015,Biotin,171548.0,C10H16N2O3S
1469,1622.0,MRL0000141,0.0027476600209863588,pantothenate,443753.0,C18H32CaN2O10
1470,1623.0,MRL0000141,0.003,Nicotinic acid,938.0,C6H5NO2
1471,1624.0,MRL0000141,0.075,Inositol,892.0,C6H12O6
1472,1625.0,MRL0000141,0.002369404091313371,Thiamine,6202.0,C12H18Cl2N4OS
1473,1626.0,MRL0000141,0.0024828340789729625,Pyridoxine,6019.0,C8H12ClNO3
1474,1627.0,MRL0000141,0.0006,p-Aminobenzoic acid,978.0,C7H7NO2
1475,1628.0,MRL0000141,0.01,Ergosterol,444679.0,C28H44O
1476,1630.0,MRL0000141,2.84,Ethanol,702.0,C2H6O
1477,1631.0,MRL0000151,10.0,Succinic acid,1110.0,C4H6O4
1479,1634.0,MRL0000151,1.0,Proline,145742.0,C5H9NO2
1480,1635.0,MRL0000151,19.90909320280567,Glucose,22814120.0,C6H14O7
1482,1638.0,MRL0000158,2.0,Glucose,5793.0,C6H12O6
1483,1639.0,MRL0000158,0.02,Uracil,1174.0,C4H4N2O2
1484,1640.0,MRL0000158,0.02,Histidine,6274.0,C6H9N3O2
1485,1641.0,MRL0000158,0.02,Tryptophane,6305.0,C11H12N2O2
1486,1642.0,MRL0000158,0.03,Leucine,6106.0,C6H13NO2
1487,1644.0,MRL0000159,1.0,Proline,145742.0,C5H9NO2
1488,1645.0,MRL0000159,2.0,Glucose,5793.0,C6H12O6
1489,1646.0,MRL0000159,0.02,Uracil,1174.0,C4H4N2O2
1490,1647.0,MRL0000159,0.02,Histidine,6274.0,C6H9N3O2
1491,1648.0,MRL0000159,0.02,Tryptophane,6305.0,C11H12N2O2
1492,1649.0,MRL0000159,0.03,Leucine,6102.0,C9H14ClNO2
1493,1652.0,MRL0000156,5.0,Glucose,5793.0,C6H12O6
1494,1655.0,MRL0000157,20.0,Glucose,5793.0,C6H12O6
1495,1656.0,MRL0000161,2e-06,Biotin,171548.0,C10H16N2O3S
1496,1657.0,MRL0000161,0.0003663546694648478,pantothenate,443753.0,C18H32CaN2O10
1497,1658.0,MRL0000161,2e-06,Folic acid,6037.0,C19H19N7O6
1498,1659.0,MRL0000161,0.002,Inositol,892.0,C6H12O6
1499,1660.0,MRL0000161,0.00039999999999999996,Niacin,938.0,C6H5NO2
1500,1661.0,MRL0000161,0.00019999999999999998,p-Aminobenzoic acid,978.0,C7H7NO2
1501,1662.0,MRL0000161,0.00033104454386306164,Pyridoxine,6019.0,C8H12ClNO3
1502,1663.0,MRL0000161,0.00019999999999999998,Riboflavin,493570.0,C17H20N4O6
1503,1664.0,MRL0000161,0.0003159205455084494,Thiamine,6202.0,C12H18Cl2N4OS
1516,1679.0,MRL0000162,20.0,Glucose,5793.0,C6H12O6
1517,1682.0,MRL0000163,20.0,Glucose,5793.0,C6H12O6
1518,1683.0,MRL0000163,0.029567247651626216,Adenine,9449.0,C10H12N10O4S
1519,1686.0,MRL0000164,30.0,Glycerol,753.0,C3H8O3
1520,1687.0,MRL0000165,20.0,Glucose,5793.0,C6H12O6
1521,1688.0,MRL0000165,0.019,Adenine,190.0,C5H5N5
1522,1689.0,MRL0000165,0.074,Alanine,602.0,C3H7NO2
1523,1690.0,MRL0000165,0.074,Arginine,6322.0,C6H14N4O2
1524,1691.0,MRL0000165,0.074,Asparagine,6267.0,C4H8N2O3
1525,1692.0,MRL0000165,0.074,Aspartic acid,5960.0,C4H7NO4
1526,1693.0,MRL0000165,0.074,Cysteine,5862.0,C3H7NO2S
1527,1694.0,MRL0000165,0.074,Glutamine,5961.0,C5H10N2O3
1528,1695.0,MRL0000165,0.074,Glutamate,33032.0,C5H9NO4
1529,1696.0,MRL0000165,0.074,Glycine,750.0,C2H5NO2
1530,1697.0,MRL0000165,0.074,Histidine,6274.0,C6H9N3O2
1531,1698.0,MRL0000165,2.074,Inositol,892.0,C6H12O6
1532,1699.0,MRL0000165,0.074,Isoleucine,6306.0,C6H13NO2
1533,1700.0,MRL0000165,0.37,Leucine,6106.0,C6H13NO2
1534,1701.0,MRL0000165,0.074,Lysine,5962.0,C6H14N2O2
1535,1702.0,MRL0000165,0.074,Methionine,876.0,C5H11NO2S
1536,1703.0,MRL0000165,0.0742,p-Aminobenzoic acid,978.0,C7H7NO2
1537,1704.0,MRL0000165,0.074,Phenylalanine,6140.0,C9H11NO2
1538,1705.0,MRL0000165,0.074,Proline,145742.0,C5H9NO2
1539,1706.0,MRL0000165,0.074,Serine,5951.0,C3H7NO3
1540,1707.0,MRL0000165,0.074,Threonine,6288.0,C4H9NO3
1541,1708.0,MRL0000165,0.154,Tryptophane,6305.0,C11H12N2O2
1542,1709.0,MRL0000165,0.074,Tyrosine,6057.0,C9H11NO3
1543,1710.0,MRL0000165,0.154,Uracil,1174.0,C4H4N2O2
1544,1711.0,MRL0000165,0.074,Valine,6287.0,C5H11NO2
1545,1712.0,MRL0000165,2e-06,Biotin,171548.0,C10H16N2O3S
1546,1713.0,MRL0000165,0.0003663546694648478,pantothenate,443753.0,C18H32CaN2O10
1547,1714.0,MRL0000165,2e-06,Folic acid,6037.0,C19H19N7O6
1548,1715.0,MRL0000165,0.00039999999999999996,Niacin,938.0,C6H5NO2
1549,1716.0,MRL0000165,0.00033104454386306164,Pyridoxine,6019.0,C8H12ClNO3
1550,1717.0,MRL0000165,0.00019999999999999998,Riboflavin,493570.0,C17H20N4O6
1551,1718.0,MRL0000165,0.0003159205455084494,Thiamine,6202.0,C12H18Cl2N4OS
1564,1731.0,MRL0000166,2e-06,Biotin,171548.0,C10H16N2O3S
1565,1732.0,MRL0000166,0.0003663546694648478,pantothenate,443753.0,C18H32CaN2O10
1566,1733.0,MRL0000166,2e-06,Folic acid,6037.0,C19H19N7O6
1567,1734.0,MRL0000166,0.002,Inositol,892.0,C6H12O6
1568,1735.0,MRL0000166,0.00039999999999999996,Niacin,938.0,C6H5NO2
1569,1736.0,MRL0000166,0.00019999999999999998,p-Aminobenzoic acid,978.0,C7H7NO2
1570,1737.0,MRL0000166,0.00033104454386306164,Pyridoxine,6019.0,C8H12ClNO3
1571,1738.0,MRL0000166,0.00019999999999999998,Riboflavin,493570.0,C17H20N4O6
1572,1739.0,MRL0000166,0.0003159205455084494,Thiamine,6202.0,C12H18Cl2N4OS
1584,1751.0,MRL0000167,2e-06,Biotin,171548.0,C10H16N2O3S
1585,1752.0,MRL0000167,0.0003663546694648478,pantothenate,443753.0,C18H32CaN2O10
1586,1753.0,MRL0000167,2e-06,Folic acid,6037.0,C19H19N7O6
1587,1754.0,MRL0000167,0.002,Inositol,892.0,C6H12O6
1588,1755.0,MRL0000167,0.00039999999999999996,Niacin,938.0,C6H5NO2
1589,1756.0,MRL0000167,0.00019999999999999998,p-Aminobenzoic acid,978.0,C7H7NO2
1590,1757.0,MRL0000167,0.00033104454386306164,Pyridoxine,6019.0,C8H12ClNO3
1591,1758.0,MRL0000167,0.00019999999999999998,Riboflavin,493570.0,C17H20N4O6
1592,1759.0,MRL0000167,0.0003159205455084494,Thiamine,6202.0,C12H18Cl2N4OS
1602,1772.0,MRL0000150,10.0,Succinic acid,1110.0,C4H6O4
1605,1776.0,MRL0000150,20.0,Glucose,5793.0,C6H12O6
1606,1779.0,MRL0000154,20.0,Glucose,5793.0,C6H12O6
1607,1780.0,MRL0000154,0.019,Adenine,190.0,C5H5N5
1608,1781.0,MRL0000154,0.074,Alanine,602.0,C3H7NO2
1609,1782.0,MRL0000154,0.074,Arginine,6322.0,C6H14N4O2
1610,1783.0,MRL0000154,0.074,Asparagine,6267.0,C4H8N2O3
1611,1784.0,MRL0000154,0.074,Aspartic acid,5960.0,C4H7NO4
1612,1785.0,MRL0000154,0.074,Cysteine,5862.0,C3H7NO2S
1613,1786.0,MRL0000154,0.074,Glutamine,5961.0,C5H10N2O3
1614,1787.0,MRL0000154,0.074,Glutamate,33032.0,C5H9NO4
1615,1788.0,MRL0000154,0.074,Glycine,750.0,C2H5NO2
1616,1789.0,MRL0000154,0.074,Histidine,6274.0,C6H9N3O2
1617,1790.0,MRL0000154,2.074,Inositol,892.0,C6H12O6
1618,1791.0,MRL0000154,0.074,Isoleucine,6306.0,C6H13NO2
1619,1792.0,MRL0000154,0.37,Leucine,6106.0,C6H13NO2
1620,1793.0,MRL0000154,0.074,Lysine,5962.0,C6H14N2O2
1621,1794.0,MRL0000154,0.074,Methionine,876.0,C5H11NO2S
1622,1795.0,MRL0000154,0.0742,p-Aminobenzoic acid,978.0,C7H7NO2
1623,1796.0,MRL0000154,0.074,Phenylalanine,6140.0,C9H11NO2
1624,1797.0,MRL0000154,0.074,Proline,145742.0,C5H9NO2
1625,1798.0,MRL0000154,0.074,Serine,5951.0,C3H7NO3
1626,1799.0,MRL0000154,0.074,Threonine,6288.0,C4H9NO3
1627,1800.0,MRL0000154,0.154,Tryptophane,6305.0,C11H12N2O2
1628,1801.0,MRL0000154,0.074,Tyrosine,6057.0,C9H11NO3
1629,1802.0,MRL0000154,0.154,Uracil,1174.0,C4H4N2O2
1630,1803.0,MRL0000154,0.074,Valine,6287.0,C5H11NO2
1631,1804.0,MRL0000154,2e-06,Biotin,171548.0,C10H16N2O3S
1632,1805.0,MRL0000154,0.0003663546694648478,pantothenate,443753.0,C18H32CaN2O10
1633,1806.0,MRL0000154,2e-06,Folic acid,6037.0,C19H19N7O6
1634,1807.0,MRL0000154,0.00039999999999999996,Niacin,938.0,C6H5NO2
1635,1808.0,MRL0000154,0.00033104454386306164,Pyridoxine,6019.0,C8H12ClNO3
1636,1809.0,MRL0000154,0.00019999999999999998,Riboflavin,493570.0,C17H20N4O6
1637,1810.0,MRL0000154,0.0003159205455084494,Thiamine,6202.0,C12H18Cl2N4OS
1651,1825.0,MRL0000153,20.0,Glucose,5793.0,C6H12O6
1652,1826.0,MRL0000153,0.0067564999999999995,Adenine,190.0,C5H5N5
1653,1827.0,MRL0000153,0.0044545,Alanine,602.0,C3H7NO2
1654,1828.0,MRL0000153,0.008709999999999999,Arginine,6322.0,C6H14N4O2
1655,1829.0,MRL0000153,0.006606,Asparagine,6267.0,C4H8N2O3
1656,1830.0,MRL0000153,0.0066549999999999995,Aspartic acid,5960.0,C4H7NO4
1657,1831.0,MRL0000153,0.006057999999999999,Cysteine,5862.0,C3H7NO2S
1658,1832.0,MRL0000153,0.007306999999999998,Glutamine,5961.0,C5H10N2O3
1659,1833.0,MRL0000153,0.007356499999999999,Glutamate,33032.0,C5H9NO4
1660,1834.0,MRL0000153,0.0037534999999999995,Glycine,750.0,C2H5NO2
1661,1835.0,MRL0000153,0.0077575,Histidine,6274.0,C6H9N3O2
1662,1836.0,MRL0000153,0.006558499999999999,Isoleucine,6306.0,C6H13NO2
1663,1837.0,MRL0000153,0.006558499999999999,Leucine,6106.0,C6H13NO2
1664,1838.0,MRL0000153,0.007309499999999999,Lysine,5962.0,C6H14N2O2
1665,1839.0,MRL0000153,0.0074605,Methionine,876.0,C5H11NO2S
1666,1840.0,MRL0000153,0.0082595,Phenylalanine,6140.0,C9H11NO2
1667,1841.0,MRL0000153,0.0057564999999999995,Proline,145742.0,C5H9NO2
1668,1842.0,MRL0000153,0.0052545,Serine,5951.0,C3H7NO3
1669,1843.0,MRL0000153,0.0059559999999999995,Threonine,6288.0,C4H9NO3
1670,1844.0,MRL0000153,0.010211,Tryptophane,6305.0,C11H12N2O2
1671,1845.0,MRL0000153,0.0090595,Tyrosine,6057.0,C9H11NO3
1672,1846.0,MRL0000153,0.0056045,Uracil,1174.0,C4H4N2O2
1673,1847.0,MRL0000153,0.0058575,Valine,6287.0,C5H11NO2
1675,1852.0,MRL0000171,20.0,Glucose,5793.0,C6H12O6
1676,1853.0,MRL0000134,20.0,Glucose,5793.0,C6H12O6
1677,1854.0,MRL0000135,20.0,Glucose,5793.0,C6H12O6
1678,1855.0,MRL0000136,20.0,Glucose,5793.0,C6H12O6
1679,1856.0,MRL0000137,20.0,Glucose,5793.0,C6H12O6
1680,1857.0,MRL0000138,20.0,Glucose,5793.0,C6H12O6
1681,1858.0,MRL0000139,20.0,Glucose,5793.0,C6H12O6
1682,1859.0,MRL0000140,20.0,Glucose,5793.0,C6H12O6
1683,1656.0,MRL0000030,2e-06,Biotin,171548.0,C10H16N2O3S
1684,1657.0,MRL0000030,0.0003663546694648478,pantothenate,443753.0,C18H32CaN2O10
1685,1658.0,MRL0000030,2e-06,Folic acid,6037.0,C19H19N7O6
1686,1659.0,MRL0000030,0.002,Inositol,892.0,C6H12O6
1687,1660.0,MRL0000030,0.00039999999999999996,Niacin,938.0,C6H5NO2
1688,1661.0,MRL0000030,0.00019999999999999998,p-Aminobenzoic acid,978.0,C7H7NO2
1689,1662.0,MRL0000030,0.00033104454386306164,Pyridoxine,6019.0,C8H12ClNO3
1690,1663.0,MRL0000030,0.00019999999999999998,Riboflavin,493570.0,C17H20N4O6
1691,1664.0,MRL0000030,0.0003159205455084494,Thiamine,6202.0,C12H18Cl2N4OS
1704,1656.0,MRL0000040,2e-06,Biotin,171548.0,C10H16N2O3S
1705,1657.0,MRL0000040,0.0003663546694648478,pantothenate,443753.0,C18H32CaN2O10
1706,1658.0,MRL0000040,2e-06,Folic acid,6037.0,C19H19N7O6
1707,1659.0,MRL0000040,0.002,Inositol,892.0,C6H12O6
1708,1660.0,MRL0000040,0.00039999999999999996,Niacin,938.0,C6H5NO2
1709,1661.0,MRL0000040,0.00019999999999999998,p-Aminobenzoic acid,978.0,C7H7NO2
1710,1662.0,MRL0000040,0.00033104454386306164,Pyridoxine,6019.0,C8H12ClNO3
1711,1663.0,MRL0000040,0.00019999999999999998,Riboflavin,493570.0,C17H20N4O6
1712,1664.0,MRL0000040,0.0003159205455084494,Thiamine,6202.0,C12H18Cl2N4OS
1725,1656.0,MRL0000041,2e-06,Biotin,171548.0,C10H16N2O3S
1726,1657.0,MRL0000041,0.0003663546694648478,pantothenate,443753.0,C18H32CaN2O10
1727,1658.0,MRL0000041,2e-06,Folic acid,6037.0,C19H19N7O6
1728,1659.0,MRL0000041,0.002,Inositol,892.0,C6H12O6
1729,1660.0,MRL0000041,0.00039999999999999996,Niacin,938.0,C6H5NO2
1730,1661.0,MRL0000041,0.00019999999999999998,p-Aminobenzoic acid,978.0,C7H7NO2
1731,1662.0,MRL0000041,0.00033104454386306164,Pyridoxine,6019.0,C8H12ClNO3
1732,1663.0,MRL0000041,0.00019999999999999998,Riboflavin,493570.0,C17H20N4O6
1733,1664.0,MRL0000041,0.0003159205455084494,Thiamine,6202.0,C12H18Cl2N4OS
1746,1656.0,MRL0000042,2e-06,Biotin,171548.0,C10H16N2O3S
1747,1657.0,MRL0000042,0.0003663546694648478,pantothenate,443753.0,C18H32CaN2O10
1748,1658.0,MRL0000042,2e-06,Folic acid,6037.0,C19H19N7O6
1749,1659.0,MRL0000042,0.002,Inositol,892.0,C6H12O6
1750,1660.0,MRL0000042,0.00039999999999999996,Niacin,938.0,C6H5NO2
1751,1661.0,MRL0000042,0.00019999999999999998,p-Aminobenzoic acid,978.0,C7H7NO2
1752,1662.0,MRL0000042,0.00033104454386306164,Pyridoxine,6019.0,C8H12ClNO3
1753,1663.0,MRL0000042,0.00019999999999999998,Riboflavin,493570.0,C17H20N4O6
1754,1664.0,MRL0000042,0.0003159205455084494,Thiamine,6202.0,C12H18Cl2N4OS
1767,1656.0,MRL0000043,2e-06,Biotin,171548.0,C10H16N2O3S
1768,1657.0,MRL0000043,0.0003663546694648478,pantothenate,443753.0,C18H32CaN2O10
1769,1658.0,MRL0000043,2e-06,Folic acid,6037.0,C19H19N7O6
1770,1659.0,MRL0000043,0.002,Inositol,892.0,C6H12O6
1771,1660.0,MRL0000043,0.00039999999999999996,Niacin,938.0,C6H5NO2
1772,1661.0,MRL0000043,0.00019999999999999998,p-Aminobenzoic acid,978.0,C7H7NO2
1773,1662.0,MRL0000043,0.00033104454386306164,Pyridoxine,6019.0,C8H12ClNO3
1774,1663.0,MRL0000043,0.00019999999999999998,Riboflavin,493570.0,C17H20N4O6
1775,1664.0,MRL0000043,0.0003159205455084494,Thiamine,6202.0,C12H18Cl2N4OS
1788,1656.0,MRL0000050,2e-06,Biotin,171548.0,C10H16N2O3S
1789,1657.0,MRL0000050,0.0003663546694648478,pantothenate,443753.0,C18H32CaN2O10
1790,1658.0,MRL0000050,2e-06,Folic acid,6037.0,C19H19N7O6
1791,1659.0,MRL0000050,0.002,Inositol,892.0,C6H12O6
1792,1660.0,MRL0000050,0.00039999999999999996,Niacin,938.0,C6H5NO2
1793,1661.0,MRL0000050,0.00019999999999999998,p-Aminobenzoic acid,978.0,C7H7NO2
1794,1662.0,MRL0000050,0.00033104454386306164,Pyridoxine,6019.0,C8H12ClNO3
1795,1663.0,MRL0000050,0.00019999999999999998,Riboflavin,493570.0,C17H20N4O6
1796,1664.0,MRL0000050,0.0003159205455084494,Thiamine,6202.0,C12H18Cl2N4OS
1809,1656.0,MRL0000069,2e-06,Biotin,171548.0,C10H16N2O3S
1810,1657.0,MRL0000069,0.0003663546694648478,pantothenate,443753.0,C18H32CaN2O10
1811,1658.0,MRL0000069,2e-06,Folic acid,6037.0,C19H19N7O6
1812,1659.0,MRL0000069,0.002,Inositol,892.0,C6H12O6
1813,1660.0,MRL0000069,0.00039999999999999996,Niacin,938.0,C6H5NO2
1814,1661.0,MRL0000069,0.00019999999999999998,p-Aminobenzoic acid,978.0,C7H7NO2
1815,1662.0,MRL0000069,0.00033104454386306164,Pyridoxine,6019.0,C8H12ClNO3
1816,1663.0,MRL0000069,0.00019999999999999998,Riboflavin,493570.0,C17H20N4O6
1817,1664.0,MRL0000069,0.0003159205455084494,Thiamine,6202.0,C12H18Cl2N4OS
1830,1656.0,MRL0000070,2e-06,Biotin,171548.0,C10H16N2O3S
1831,1657.0,MRL0000070,0.0003663546694648478,pantothenate,443753.0,C18H32CaN2O10
1832,1658.0,MRL0000070,2e-06,Folic acid,6037.0,C19H19N7O6
1833,1659.0,MRL0000070,0.002,Inositol,892.0,C6H12O6
1834,1660.0,MRL0000070,0.00039999999999999996,Niacin,938.0,C6H5NO2
1835,1661.0,MRL0000070,0.00019999999999999998,p-Aminobenzoic acid,978.0,C7H7NO2
1836,1662.0,MRL0000070,0.00033104454386306164,Pyridoxine,6019.0,C8H12ClNO3
1837,1663.0,MRL0000070,0.00019999999999999998,Riboflavin,493570.0,C17H20N4O6
1838,1664.0,MRL0000070,0.0003159205455084494,Thiamine,6202.0,C12H18Cl2N4OS
1851,1656.0,MRL0000071,2e-06,Biotin,171548.0,C10H16N2O3S
1852,1657.0,MRL0000071,0.0003663546694648478,pantothenate,443753.0,C18H32CaN2O10
1853,1658.0,MRL0000071,2e-06,Folic acid,6037.0,C19H19N7O6
1854,1659.0,MRL0000071,0.002,Inositol,892.0,C6H12O6
1855,1660.0,MRL0000071,0.00039999999999999996,Niacin,938.0,C6H5NO2
1856,1661.0,MRL0000071,0.00019999999999999998,p-Aminobenzoic acid,978.0,C7H7NO2
1857,1662.0,MRL0000071,0.00033104454386306164,Pyridoxine,6019.0,C8H12ClNO3
1858,1663.0,MRL0000071,0.00019999999999999998,Riboflavin,493570.0,C17H20N4O6
1859,1664.0,MRL0000071,0.0003159205455084494,Thiamine,6202.0,C12H18Cl2N4OS
1872,1656.0,MRL0000072,2e-06,Biotin,171548.0,C10H16N2O3S
1873,1657.0,MRL0000072,0.0003663546694648478,pantothenate,443753.0,C18H32CaN2O10
1874,1658.0,MRL0000072,2e-06,Folic acid,6037.0,C19H19N7O6
1875,1659.0,MRL0000072,0.002,Inositol,892.0,C6H12O6
1876,1660.0,MRL0000072,0.00039999999999999996,Niacin,938.0,C6H5NO2
1877,1661.0,MRL0000072,0.00019999999999999998,p-Aminobenzoic acid,978.0,C7H7NO2
1878,1662.0,MRL0000072,0.00033104454386306164,Pyridoxine,6019.0,C8H12ClNO3
1879,1663.0,MRL0000072,0.00019999999999999998,Riboflavin,493570.0,C17H20N4O6
1880,1664.0,MRL0000072,0.0003159205455084494,Thiamine,6202.0,C12H18Cl2N4OS
1893,1656.0,MRL0000073,2e-06,Biotin,171548.0,C10H16N2O3S
1894,1657.0,MRL0000073,0.0003663546694648478,pantothenate,443753.0,C18H32CaN2O10
1895,1658.0,MRL0000073,2e-06,Folic acid,6037.0,C19H19N7O6
1896,1659.0,MRL0000073,0.002,Inositol,892.0,C6H12O6
1897,1660.0,MRL0000073,0.00039999999999999996,Niacin,938.0,C6H5NO2
1898,1661.0,MRL0000073,0.00019999999999999998,p-Aminobenzoic acid,978.0,C7H7NO2
1899,1662.0,MRL0000073,0.00033104454386306164,Pyridoxine,6019.0,C8H12ClNO3
1900,1663.0,MRL0000073,0.00019999999999999998,Riboflavin,493570.0,C17H20N4O6
1901,1664.0,MRL0000073,0.0003159205455084494,Thiamine,6202.0,C12H18Cl2N4OS
1914,1656.0,MRL0000075,2e-06,Biotin,171548.0,C10H16N2O3S
1915,1657.0,MRL0000075,0.0003663546694648478,pantothenate,443753.0,C18H32CaN2O10
1916,1658.0,MRL0000075,2e-06,Folic acid,6037.0,C19H19N7O6
1917,1659.0,MRL0000075,0.002,Inositol,892.0,C6H12O6
1918,1660.0,MRL0000075,0.00039999999999999996,Niacin,938.0,C6H5NO2
1919,1661.0,MRL0000075,0.00019999999999999998,p-Aminobenzoic acid,978.0,C7H7NO2
1920,1662.0,MRL0000075,0.00033104454386306164,Pyridoxine,6019.0,C8H12ClNO3
1921,1663.0,MRL0000075,0.00019999999999999998,Riboflavin,493570.0,C17H20N4O6
1922,1664.0,MRL0000075,0.0003159205455084494,Thiamine,6202.0,C12H18Cl2N4OS
1935,1656.0,MRL0000078,2e-06,Biotin,171548.0,C10H16N2O3S
1936,1657.0,MRL0000078,0.0003663546694648478,pantothenate,443753.0,C18H32CaN2O10
1937,1658.0,MRL0000078,2e-06,Folic acid,6037.0,C19H19N7O6
1938,1659.0,MRL0000078,0.002,Inositol,892.0,C6H12O6
1939,1660.0,MRL0000078,0.00039999999999999996,Niacin,938.0,C6H5NO2
1940,1661.0,MRL0000078,0.00019999999999999998,p-Aminobenzoic acid,978.0,C7H7NO2
1941,1662.0,MRL0000078,0.00033104454386306164,Pyridoxine,6019.0,C8H12ClNO3
1942,1663.0,MRL0000078,0.00019999999999999998,Riboflavin,493570.0,C17H20N4O6
1943,1664.0,MRL0000078,0.0003159205455084494,Thiamine,6202.0,C12H18Cl2N4OS
1956,1656.0,MRL0000079,2e-06,Biotin,171548.0,C10H16N2O3S
1957,1657.0,MRL0000079,0.0003663546694648478,pantothenate,443753.0,C18H32CaN2O10
1958,1658.0,MRL0000079,2e-06,Folic acid,6037.0,C19H19N7O6
1959,1659.0,MRL0000079,0.002,Inositol,892.0,C6H12O6
1960,1660.0,MRL0000079,0.00039999999999999996,Niacin,938.0,C6H5NO2
1961,1661.0,MRL0000079,0.00019999999999999998,p-Aminobenzoic acid,978.0,C7H7NO2
1962,1662.0,MRL0000079,0.00033104454386306164,Pyridoxine,6019.0,C8H12ClNO3
1963,1663.0,MRL0000079,0.00019999999999999998,Riboflavin,493570.0,C17H20N4O6
1964,1664.0,MRL0000079,0.0003159205455084494,Thiamine,6202.0,C12H18Cl2N4OS
1977,1656.0,MRL0000087,2e-06,Biotin,171548.0,C10H16N2O3S
1978,1657.0,MRL0000087,0.0003663546694648478,pantothenate,443753.0,C18H32CaN2O10
1979,1658.0,MRL0000087,2e-06,Folic acid,6037.0,C19H19N7O6
1980,1659.0,MRL0000087,0.002,Inositol,892.0,C6H12O6
1981,1660.0,MRL0000087,0.00039999999999999996,Niacin,938.0,C6H5NO2
1982,1661.0,MRL0000087,0.00019999999999999998,p-Aminobenzoic acid,978.0,C7H7NO2
1983,1662.0,MRL0000087,0.00033104454386306164,Pyridoxine,6019.0,C8H12ClNO3
1984,1663.0,MRL0000087,0.00019999999999999998,Riboflavin,493570.0,C17H20N4O6
1985,1664.0,MRL0000087,0.0003159205455084494,Thiamine,6202.0,C12H18Cl2N4OS
1998,1656.0,MRL0000088,2e-06,Biotin,171548.0,C10H16N2O3S
1999,1657.0,MRL0000088,0.0003663546694648478,pantothenate,443753.0,C18H32CaN2O10
2000,1658.0,MRL0000088,2e-06,Folic acid,6037.0,C19H19N7O6
2001,1659.0,MRL0000088,0.002,Inositol,892.0,C6H12O6
2002,1660.0,MRL0000088,0.00039999999999999996,Niacin,938.0,C6H5NO2
2003,1661.0,MRL0000088,0.00019999999999999998,p-Aminobenzoic acid,978.0,C7H7NO2
2004,1662.0,MRL0000088,0.00033104454386306164,Pyridoxine,6019.0,C8H12ClNO3
2005,1663.0,MRL0000088,0.00019999999999999998,Riboflavin,493570.0,C17H20N4O6
2006,1664.0,MRL0000088,0.0003159205455084494,Thiamine,6202.0,C12H18Cl2N4OS
2019,1656.0,MRL0000090,2e-06,Biotin,171548.0,C10H16N2O3S
2020,1657.0,MRL0000090,0.0003663546694648478,pantothenate,443753.0,C18H32CaN2O10
2021,1658.0,MRL0000090,2e-06,Folic acid,6037.0,C19H19N7O6
2022,1659.0,MRL0000090,0.002,Inositol,892.0,C6H12O6
2023,1660.0,MRL0000090,0.00039999999999999996,Niacin,938.0,C6H5NO2
2024,1661.0,MRL0000090,0.00019999999999999998,p-Aminobenzoic acid,978.0,C7H7NO2
2025,1662.0,MRL0000090,0.00033104454386306164,Pyridoxine,6019.0,C8H12ClNO3
2026,1663.0,MRL0000090,0.00019999999999999998,Riboflavin,493570.0,C17H20N4O6
2027,1664.0,MRL0000090,0.0003159205455084494,Thiamine,6202.0,C12H18Cl2N4OS
2040,1656.0,MRL0000112,2e-06,Biotin,171548.0,C10H16N2O3S
2041,1657.0,MRL0000112,0.0003663546694648478,pantothenate,443753.0,C18H32CaN2O10
2042,1658.0,MRL0000112,2e-06,Folic acid,6037.0,C19H19N7O6
2043,1659.0,MRL0000112,0.002,Inositol,892.0,C6H12O6
2044,1660.0,MRL0000112,0.00039999999999999996,Niacin,938.0,C6H5NO2
2045,1661.0,MRL0000112,0.00019999999999999998,p-Aminobenzoic acid,978.0,C7H7NO2
2046,1662.0,MRL0000112,0.00033104454386306164,Pyridoxine,6019.0,C8H12ClNO3
2047,1663.0,MRL0000112,0.00019999999999999998,Riboflavin,493570.0,C17H20N4O6
2048,1664.0,MRL0000112,0.0003159205455084494,Thiamine,6202.0,C12H18Cl2N4OS
2061,1656.0,MRL0000113,2e-06,Biotin,171548.0,C10H16N2O3S
2062,1657.0,MRL0000113,0.0003663546694648478,pantothenate,443753.0,C18H32CaN2O10
2063,1658.0,MRL0000113,2e-06,Folic acid,6037.0,C19H19N7O6
2064,1659.0,MRL0000113,0.002,Inositol,892.0,C6H12O6
2065,1660.0,MRL0000113,0.00039999999999999996,Niacin,938.0,C6H5NO2
2066,1661.0,MRL0000113,0.00019999999999999998,p-Aminobenzoic acid,978.0,C7H7NO2
2067,1662.0,MRL0000113,0.00033104454386306164,Pyridoxine,6019.0,C8H12ClNO3
2068,1663.0,MRL0000113,0.00019999999999999998,Riboflavin,493570.0,C17H20N4O6
2069,1664.0,MRL0000113,0.0003159205455084494,Thiamine,6202.0,C12H18Cl2N4OS
2082,1656.0,MRL0000114,2e-06,Biotin,171548.0,C10H16N2O3S
2083,1657.0,MRL0000114,0.0003663546694648478,pantothenate,443753.0,C18H32CaN2O10
2084,1658.0,MRL0000114,2e-06,Folic acid,6037.0,C19H19N7O6
2085,1659.0,MRL0000114,0.002,Inositol,892.0,C6H12O6
2086,1660.0,MRL0000114,0.00039999999999999996,Niacin,938.0,C6H5NO2
2087,1661.0,MRL0000114,0.00019999999999999998,p-Aminobenzoic acid,978.0,C7H7NO2
2088,1662.0,MRL0000114,0.00033104454386306164,Pyridoxine,6019.0,C8H12ClNO3
2089,1663.0,MRL0000114,0.00019999999999999998,Riboflavin,493570.0,C17H20N4O6
2090,1664.0,MRL0000114,0.0003159205455084494,Thiamine,6202.0,C12H18Cl2N4OS
2103,1656.0,MRL0000115,2e-06,Biotin,171548.0,C10H16N2O3S
2104,1657.0,MRL0000115,0.0003663546694648478,pantothenate,443753.0,C18H32CaN2O10
2105,1658.0,MRL0000115,2e-06,Folic acid,6037.0,C19H19N7O6
2106,1659.0,MRL0000115,0.002,Inositol,892.0,C6H12O6
2107,1660.0,MRL0000115,0.00039999999999999996,Niacin,938.0,C6H5NO2
2108,1661.0,MRL0000115,0.00019999999999999998,p-Aminobenzoic acid,978.0,C7H7NO2
2109,1662.0,MRL0000115,0.00033104454386306164,Pyridoxine,6019.0,C8H12ClNO3
2110,1663.0,MRL0000115,0.00019999999999999998,Riboflavin,493570.0,C17H20N4O6
2111,1664.0,MRL0000115,0.0003159205455084494,Thiamine,6202.0,C12H18Cl2N4OS
2124,1656.0,MRL0000116,2e-06,Biotin,171548.0,C10H16N2O3S
2125,1657.0,MRL0000116,0.0003663546694648478,pantothenate,443753.0,C18H32CaN2O10
2126,1658.0,MRL0000116,2e-06,Folic acid,6037.0,C19H19N7O6
2127,1659.0,MRL0000116,0.002,Inositol,892.0,C6H12O6
2128,1660.0,MRL0000116,0.00039999999999999996,Niacin,938.0,C6H5NO2
2129,1661.0,MRL0000116,0.00019999999999999998,p-Aminobenzoic acid,978.0,C7H7NO2
2130,1662.0,MRL0000116,0.00033104454386306164,Pyridoxine,6019.0,C8H12ClNO3
2131,1663.0,MRL0000116,0.00019999999999999998,Riboflavin,493570.0,C17H20N4O6
2132,1664.0,MRL0000116,0.0003159205455084494,Thiamine,6202.0,C12H18Cl2N4OS
2145,1656.0,MRL0000117,2e-06,Biotin,171548.0,C10H16N2O3S
2146,1657.0,MRL0000117,0.0003663546694648478,pantothenate,443753.0,C18H32CaN2O10
2147,1658.0,MRL0000117,2e-06,Folic acid,6037.0,C19H19N7O6
2148,1659.0,MRL0000117,0.002,Inositol,892.0,C6H12O6
2149,1660.0,MRL0000117,0.00039999999999999996,Niacin,938.0,C6H5NO2
2150,1661.0,MRL0000117,0.00019999999999999998,p-Aminobenzoic acid,978.0,C7H7NO2
2151,1662.0,MRL0000117,0.00033104454386306164,Pyridoxine,6019.0,C8H12ClNO3
2152,1663.0,MRL0000117,0.00019999999999999998,Riboflavin,493570.0,C17H20N4O6
2153,1664.0,MRL0000117,0.0003159205455084494,Thiamine,6202.0,C12H18Cl2N4OS
2166,1656.0,MRL0000132,2e-06,Biotin,171548.0,C10H16N2O3S
2167,1657.0,MRL0000132,0.0003663546694648478,pantothenate,443753.0,C18H32CaN2O10
2168,1658.0,MRL0000132,2e-06,Folic acid,6037.0,C19H19N7O6
2169,1659.0,MRL0000132,0.002,Inositol,892.0,C6H12O6
2170,1660.0,MRL0000132,0.00039999999999999996,Niacin,938.0,C6H5NO2
2171,1661.0,MRL0000132,0.00019999999999999998,p-Aminobenzoic acid,978.0,C7H7NO2
2172,1662.0,MRL0000132,0.00033104454386306164,Pyridoxine,6019.0,C8H12ClNO3
2173,1663.0,MRL0000132,0.00019999999999999998,Riboflavin,493570.0,C17H20N4O6
2174,1664.0,MRL0000132,0.0003159205455084494,Thiamine,6202.0,C12H18Cl2N4OS
2187,1656.0,MRL0000156,2e-06,Biotin,171548.0,C10H16N2O3S
2188,1657.0,MRL0000156,0.0003663546694648478,pantothenate,443753.0,C18H32CaN2O10
2189,1658.0,MRL0000156,2e-06,Folic acid,6037.0,C19H19N7O6
2190,1659.0,MRL0000156,0.002,Inositol,892.0,C6H12O6
2191,1660.0,MRL0000156,0.00039999999999999996,Niacin,938.0,C6H5NO2
2192,1661.0,MRL0000156,0.00019999999999999998,p-Aminobenzoic acid,978.0,C7H7NO2
2193,1662.0,MRL0000156,0.00033104454386306164,Pyridoxine,6019.0,C8H12ClNO3
2194,1663.0,MRL0000156,0.00019999999999999998,Riboflavin,493570.0,C17H20N4O6
2195,1664.0,MRL0000156,0.0003159205455084494,Thiamine,6202.0,C12H18Cl2N4OS
2208,1656.0,MRL0000026,2e-06,Biotin,171548.0,C10H16N2O3S
2209,1657.0,MRL0000026,0.0003663546694648478,pantothenate,443753.0,C18H32CaN2O10
2210,1658.0,MRL0000026,2e-06,Folic acid,6037.0,C19H19N7O6
2211,1659.0,MRL0000026,0.002,Inositol,892.0,C6H12O6
2212,1660.0,MRL0000026,0.00039999999999999996,Niacin,938.0,C6H5NO2
2213,1661.0,MRL0000026,0.00019999999999999998,p-Aminobenzoic acid,978.0,C7H7NO2
2214,1662.0,MRL0000026,0.00033104454386306164,Pyridoxine,6019.0,C8H12ClNO3
2215,1663.0,MRL0000026,0.00019999999999999998,Riboflavin,493570.0,C17H20N4O6
2216,1664.0,MRL0000026,0.0003159205455084494,Thiamine,6202.0,C12H18Cl2N4OS
2229,1656.0,MRL0000171,2e-06,Biotin,171548.0,C10H16N2O3S
2230,1657.0,MRL0000171,0.0003663546694648478,pantothenate,443753.0,C18H32CaN2O10
2231,1658.0,MRL0000171,2e-06,Folic acid,6037.0,C19H19N7O6
2232,1659.0,MRL0000171,0.002,Inositol,892.0,C6H12O6
2233,1660.0,MRL0000171,0.00039999999999999996,Niacin,938.0,C6H5NO2
2234,1661.0,MRL0000171,0.00019999999999999998,p-Aminobenzoic acid,978.0,C7H7NO2
2235,1662.0,MRL0000171,0.00033104454386306164,Pyridoxine,6019.0,C8H12ClNO3
2236,1663.0,MRL0000171,0.00019999999999999998,Riboflavin,493570.0,C17H20N4O6
2237,1664.0,MRL0000171,0.0003159205455084494,Thiamine,6202.0,C12H18Cl2N4OS
2250,1679.0,MRL0000161,20.0,Glucose,5793.0,C6H12O6
2251,1679.0,MRL0000154,20.0,Glucose,5793.0,C6H12O6
2252,1679.0,MRL0000154,20.0,Glucose,5793.0,C6H12O6
2253,1687.0,MRL0000129,20.0,Glucose,5793.0,C6H12O6
2254,1688.0,MRL0000129,0.019,Adenine,190.0,C5H5N5
2255,1689.0,MRL0000129,0.074,Alanine,602.0,C3H7NO2
2256,1690.0,MRL0000129,0.074,Arginine,6322.0,C6H14N4O2
2257,1691.0,MRL0000129,0.074,Asparagine,6267.0,C4H8N2O3
2258,1692.0,MRL0000129,0.074,Aspartic acid,5960.0,C4H7NO4
2259,1693.0,MRL0000129,0.074,Cysteine,5862.0,C3H7NO2S
2260,1694.0,MRL0000129,0.074,Glutamine,5961.0,C5H10N2O3
2261,1695.0,MRL0000129,0.074,Glutamate,33032.0,C5H9NO4
2262,1696.0,MRL0000129,0.074,Glycine,750.0,C2H5NO2
2263,1697.0,MRL0000129,0.074,Histidine,6274.0,C6H9N3O2
2264,1698.0,MRL0000129,2.074,Inositol,892.0,C6H12O6
2265,1699.0,MRL0000129,0.074,Isoleucine,6306.0,C6H13NO2
2266,1700.0,MRL0000129,0.37,Leucine,6106.0,C6H13NO2
2267,1701.0,MRL0000129,0.074,Lysine,5962.0,C6H14N2O2
2268,1702.0,MRL0000129,0.074,Methionine,876.0,C5H11NO2S
2269,1703.0,MRL0000129,0.0742,p-Aminobenzoic acid,978.0,C7H7NO2
2270,1704.0,MRL0000129,0.074,Phenylalanine,6140.0,C9H11NO2
2271,1705.0,MRL0000129,0.074,Proline,145742.0,C5H9NO2
2272,1706.0,MRL0000129,0.074,Serine,5951.0,C3H7NO3
2273,1707.0,MRL0000129,0.074,Threonine,6288.0,C4H9NO3
2274,1708.0,MRL0000129,0.154,Tryptophane,6305.0,C11H12N2O2
2275,1709.0,MRL0000129,0.074,Tyrosine,6057.0,C9H11NO3
2276,1710.0,MRL0000129,0.154,Uracil,1174.0,C4H4N2O2
2277,1711.0,MRL0000129,0.074,Valine,6287.0,C5H11NO2
2278,1712.0,MRL0000129,2e-06,Biotin,171548.0,C10H16N2O3S
2279,1713.0,MRL0000129,0.0003663546694648478,pantothenate,443753.0,C18H32CaN2O10
2280,1714.0,MRL0000129,2e-06,Folic acid,6037.0,C19H19N7O6
2281,1715.0,MRL0000129,0.00039999999999999996,Niacin,938.0,C6H5NO2
2282,1716.0,MRL0000129,0.00033104454386306164,Pyridoxine,6019.0,C8H12ClNO3
2283,1717.0,MRL0000129,0.00019999999999999998,Riboflavin,493570.0,C17H20N4O6
2284,1718.0,MRL0000129,0.0003159205455084494,Thiamine,6202.0,C12H18Cl2N4OS
2297,1687.0,MRL0000154,20.0,Glucose,5793.0,C6H12O6
2298,1688.0,MRL0000154,0.019,Adenine,190.0,C5H5N5
2299,1689.0,MRL0000154,0.074,Alanine,602.0,C3H7NO2
2300,1690.0,MRL0000154,0.074,Arginine,6322.0,C6H14N4O2
2301,1691.0,MRL0000154,0.074,Asparagine,6267.0,C4H8N2O3
2302,1692.0,MRL0000154,0.074,Aspartic acid,5960.0,C4H7NO4
2303,1693.0,MRL0000154,0.074,Cysteine,5862.0,C3H7NO2S
2304,1694.0,MRL0000154,0.074,Glutamine,5961.0,C5H10N2O3
2305,1695.0,MRL0000154,0.074,Glutamate,33032.0,C5H9NO4
2306,1696.0,MRL0000154,0.074,Glycine,750.0,C2H5NO2
2307,1697.0,MRL0000154,0.074,Histidine,6274.0,C6H9N3O2
2308,1698.0,MRL0000154,2.074,Inositol,892.0,C6H12O6
2309,1699.0,MRL0000154,0.074,Isoleucine,6306.0,C6H13NO2
2310,1700.0,MRL0000154,0.37,Leucine,6106.0,C6H13NO2
2311,1701.0,MRL0000154,0.074,Lysine,5962.0,C6H14N2O2
2312,1702.0,MRL0000154,0.074,Methionine,876.0,C5H11NO2S
2313,1703.0,MRL0000154,0.0742,p-Aminobenzoic acid,978.0,C7H7NO2
2314,1704.0,MRL0000154,0.074,Phenylalanine,6140.0,C9H11NO2
2315,1705.0,MRL0000154,0.074,Proline,145742.0,C5H9NO2
2316,1706.0,MRL0000154,0.074,Serine,5951.0,C3H7NO3
2317,1707.0,MRL0000154,0.074,Threonine,6288.0,C4H9NO3
2318,1708.0,MRL0000154,0.154,Tryptophane,6305.0,C11H12N2O2
2319,1709.0,MRL0000154,0.074,Tyrosine,6057.0,C9H11NO3
2320,1710.0,MRL0000154,0.154,Uracil,1174.0,C4H4N2O2
2321,1711.0,MRL0000154,0.074,Valine,6287.0,C5H11NO2
2322,1712.0,MRL0000154,2e-06,Biotin,171548.0,C10H16N2O3S
2323,1713.0,MRL0000154,0.0003663546694648478,pantothenate,443753.0,C18H32CaN2O10
2324,1714.0,MRL0000154,2e-06,Folic acid,6037.0,C19H19N7O6
2325,1715.0,MRL0000154,0.00039999999999999996,Niacin,938.0,C6H5NO2
2326,1716.0,MRL0000154,0.00033104454386306164,Pyridoxine,6019.0,C8H12ClNO3
2327,1717.0,MRL0000154,0.00019999999999999998,Riboflavin,493570.0,C17H20N4O6
2328,1718.0,MRL0000154,0.0003159205455084494,Thiamine,6202.0,C12H18Cl2N4OS
2341,1731.0,MRL0000045,2e-06,Biotin,171548.0,C10H16N2O3S
2342,1732.0,MRL0000045,0.0003663546694648478,pantothenate,443753.0,C18H32CaN2O10
2343,1733.0,MRL0000045,2e-06,Folic acid,6037.0,C19H19N7O6
2344,1734.0,MRL0000045,0.002,Inositol,892.0,C6H12O6
2345,1735.0,MRL0000045,0.00039999999999999996,Niacin,938.0,C6H5NO2
2346,1736.0,MRL0000045,0.00019999999999999998,p-Aminobenzoic acid,978.0,C7H7NO2
2347,1737.0,MRL0000045,0.00033104454386306164,Pyridoxine,6019.0,C8H12ClNO3
2348,1738.0,MRL0000045,0.00019999999999999998,Riboflavin,493570.0,C17H20N4O6
2349,1739.0,MRL0000045,0.0003159205455084494,Thiamine,6202.0,C12H18Cl2N4OS
2361,1731.0,MRL0000046,2e-06,Biotin,171548.0,C10H16N2O3S
2362,1732.0,MRL0000046,0.0003663546694648478,pantothenate,443753.0,C18H32CaN2O10
2363,1733.0,MRL0000046,2e-06,Folic acid,6037.0,C19H19N7O6
2364,1734.0,MRL0000046,0.002,Inositol,892.0,C6H12O6
2365,1735.0,MRL0000046,0.00039999999999999996,Niacin,938.0,C6H5NO2
2366,1736.0,MRL0000046,0.00019999999999999998,p-Aminobenzoic acid,978.0,C7H7NO2
2367,1737.0,MRL0000046,0.00033104454386306164,Pyridoxine,6019.0,C8H12ClNO3
2368,1738.0,MRL0000046,0.00019999999999999998,Riboflavin,493570.0,C17H20N4O6
2369,1739.0,MRL0000046,0.0003159205455084494,Thiamine,6202.0,C12H18Cl2N4OS
2381,1731.0,MRL0000047,2e-06,Biotin,171548.0,C10H16N2O3S
2382,1732.0,MRL0000047,0.0003663546694648478,pantothenate,443753.0,C18H32CaN2O10
2383,1733.0,MRL0000047,2e-06,Folic acid,6037.0,C19H19N7O6
2384,1734.0,MRL0000047,0.002,Inositol,892.0,C6H12O6
2385,1735.0,MRL0000047,0.00039999999999999996,Niacin,938.0,C6H5NO2
2386,1736.0,MRL0000047,0.00019999999999999998,p-Aminobenzoic acid,978.0,C7H7NO2
2387,1737.0,MRL0000047,0.00033104454386306164,Pyridoxine,6019.0,C8H12ClNO3
2388,1738.0,MRL0000047,0.00019999999999999998,Riboflavin,493570.0,C17H20N4O6
2389,1739.0,MRL0000047,0.0003159205455084494,Thiamine,6202.0,C12H18Cl2N4OS
2401,1731.0,MRL0000048,2e-06,Biotin,171548.0,C10H16N2O3S
2402,1732.0,MRL0000048,0.0003663546694648478,pantothenate,443753.0,C18H32CaN2O10
2403,1733.0,MRL0000048,2e-06,Folic acid,6037.0,C19H19N7O6
2404,1734.0,MRL0000048,0.002,Inositol,892.0,C6H12O6
2405,1735.0,MRL0000048,0.00039999999999999996,Niacin,938.0,C6H5NO2
2406,1736.0,MRL0000048,0.00019999999999999998,p-Aminobenzoic acid,978.0,C7H7NO2
2407,1737.0,MRL0000048,0.00033104454386306164,Pyridoxine,6019.0,C8H12ClNO3
2408,1738.0,MRL0000048,0.00019999999999999998,Riboflavin,493570.0,C17H20N4O6
2409,1739.0,MRL0000048,0.0003159205455084494,Thiamine,6202.0,C12H18Cl2N4OS
2421,1731.0,MRL0000049,2e-06,Biotin,171548.0,C10H16N2O3S
2422,1732.0,MRL0000049,0.0003663546694648478,pantothenate,443753.0,C18H32CaN2O10
2423,1733.0,MRL0000049,2e-06,Folic acid,6037.0,C19H19N7O6
2424,1734.0,MRL0000049,0.002,Inositol,892.0,C6H12O6
2425,1735.0,MRL0000049,0.00039999999999999996,Niacin,938.0,C6H5NO2
2426,1736.0,MRL0000049,0.00019999999999999998,p-Aminobenzoic acid,978.0,C7H7NO2
2427,1737.0,MRL0000049,0.00033104454386306164,Pyridoxine,6019.0,C8H12ClNO3
2428,1738.0,MRL0000049,0.00019999999999999998,Riboflavin,493570.0,C17H20N4O6
2429,1739.0,MRL0000049,0.0003159205455084494,Thiamine,6202.0,C12H18Cl2N4OS
2441,1731.0,MRL0000078,2e-06,Biotin,171548.0,C10H16N2O3S
2442,1732.0,MRL0000078,0.0003663546694648478,pantothenate,443753.0,C18H32CaN2O10
2443,1733.0,MRL0000078,2e-06,Folic acid,6037.0,C19H19N7O6
2444,1734.0,MRL0000078,0.002,Inositol,892.0,C6H12O6
2445,1735.0,MRL0000078,0.00039999999999999996,Niacin,938.0,C6H5NO2
2446,1736.0,MRL0000078,0.00019999999999999998,p-Aminobenzoic acid,978.0,C7H7NO2
2447,1737.0,MRL0000078,0.00033104454386306164,Pyridoxine,6019.0,C8H12ClNO3
2448,1738.0,MRL0000078,0.00019999999999999998,Riboflavin,493570.0,C17H20N4O6
2449,1739.0,MRL0000078,0.0003159205455084494,Thiamine,6202.0,C12H18Cl2N4OS
2461,1731.0,MRL0000143,2e-06,Biotin,171548.0,C10H16N2O3S
2462,1732.0,MRL0000143,0.0003663546694648478,pantothenate,443753.0,C18H32CaN2O10
2463,1733.0,MRL0000143,2e-06,Folic acid,6037.0,C19H19N7O6
2464,1734.0,MRL0000143,0.002,Inositol,892.0,C6H12O6
2465,1735.0,MRL0000143,0.00039999999999999996,Niacin,938.0,C6H5NO2
2466,1736.0,MRL0000143,0.00019999999999999998,p-Aminobenzoic acid,978.0,C7H7NO2
2467,1737.0,MRL0000143,0.00033104454386306164,Pyridoxine,6019.0,C8H12ClNO3
2468,1738.0,MRL0000143,0.00019999999999999998,Riboflavin,493570.0,C17H20N4O6
2469,1739.0,MRL0000143,0.0003159205455084494,Thiamine,6202.0,C12H18Cl2N4OS
2481,1731.0,MRL0000146,2e-06,Biotin,171548.0,C10H16N2O3S
2482,1732.0,MRL0000146,0.0003663546694648478,pantothenate,443753.0,C18H32CaN2O10
2483,1733.0,MRL0000146,2e-06,Folic acid,6037.0,C19H19N7O6
2484,1734.0,MRL0000146,0.002,Inositol,892.0,C6H12O6
2485,1735.0,MRL0000146,0.00039999999999999996,Niacin,938.0,C6H5NO2
2486,1736.0,MRL0000146,0.00019999999999999998,p-Aminobenzoic acid,978.0,C7H7NO2
2487,1737.0,MRL0000146,0.00033104454386306164,Pyridoxine,6019.0,C8H12ClNO3
2488,1738.0,MRL0000146,0.00019999999999999998,Riboflavin,493570.0,C17H20N4O6
2489,1739.0,MRL0000146,0.0003159205455084494,Thiamine,6202.0,C12H18Cl2N4OS
2501,1731.0,MRL0000148,2e-06,Biotin,171548.0,C10H16N2O3S
2502,1732.0,MRL0000148,0.0003663546694648478,pantothenate,443753.0,C18H32CaN2O10
2503,1733.0,MRL0000148,2e-06,Folic acid,6037.0,C19H19N7O6
2504,1734.0,MRL0000148,0.002,Inositol,892.0,C6H12O6
2505,1735.0,MRL0000148,0.00039999999999999996,Niacin,938.0,C6H5NO2
2506,1736.0,MRL0000148,0.00019999999999999998,p-Aminobenzoic acid,978.0,C7H7NO2
2507,1737.0,MRL0000148,0.00033104454386306164,Pyridoxine,6019.0,C8H12ClNO3
2508,1738.0,MRL0000148,0.00019999999999999998,Riboflavin,493570.0,C17H20N4O6
2509,1739.0,MRL0000148,0.0003159205455084494,Thiamine,6202.0,C12H18Cl2N4OS
2521,1731.0,MRL0000148,2e-06,Biotin,171548.0,C10H16N2O3S
2522,1732.0,MRL0000148,0.0003663546694648478,pantothenate,443753.0,C18H32CaN2O10
2523,1733.0,MRL0000148,2e-06,Folic acid,6037.0,C19H19N7O6
2524,1734.0,MRL0000148,0.002,Inositol,892.0,C6H12O6
2525,1735.0,MRL0000148,0.00039999999999999996,Niacin,938.0,C6H5NO2
2526,1736.0,MRL0000148,0.00019999999999999998,p-Aminobenzoic acid,978.0,C7H7NO2
2527,1737.0,MRL0000148,0.00033104454386306164,Pyridoxine,6019.0,C8H12ClNO3
2528,1738.0,MRL0000148,0.00019999999999999998,Riboflavin,493570.0,C17H20N4O6
2529,1739.0,MRL0000148,0.0003159205455084494,Thiamine,6202.0,C12H18Cl2N4OS
2541,1731.0,MRL0000141,2e-06,Biotin,171548.0,C10H16N2O3S
2542,1732.0,MRL0000141,0.0003663546694648478,pantothenate,443753.0,C18H32CaN2O10
2543,1733.0,MRL0000141,2e-06,Folic acid,6037.0,C19H19N7O6
2544,1734.0,MRL0000141,0.002,Inositol,892.0,C6H12O6
2545,1735.0,MRL0000141,0.00039999999999999996,Niacin,938.0,C6H5NO2
2546,1736.0,MRL0000141,0.00019999999999999998,p-Aminobenzoic acid,978.0,C7H7NO2
2547,1737.0,MRL0000141,0.00033104454386306164,Pyridoxine,6019.0,C8H12ClNO3
2548,1738.0,MRL0000141,0.00019999999999999998,Riboflavin,493570.0,C17H20N4O6
2549,1739.0,MRL0000141,0.0003159205455084494,Thiamine,6202.0,C12H18Cl2N4OS
2561,1731.0,MRL0000141,2e-06,Biotin,171548.0,C10H16N2O3S
2562,1732.0,MRL0000141,0.0003663546694648478,pantothenate,443753.0,C18H32CaN2O10
2563,1733.0,MRL0000141,2e-06,Folic acid,6037.0,C19H19N7O6
2564,1734.0,MRL0000141,0.002,Inositol,892.0,C6H12O6
2565,1735.0,MRL0000141,0.00039999999999999996,Niacin,938.0,C6H5NO2
2566,1736.0,MRL0000141,0.00019999999999999998,p-Aminobenzoic acid,978.0,C7H7NO2
2567,1737.0,MRL0000141,0.00033104454386306164,Pyridoxine,6019.0,C8H12ClNO3
2568,1738.0,MRL0000141,0.00019999999999999998,Riboflavin,493570.0,C17H20N4O6
2569,1739.0,MRL0000141,0.0003159205455084494,Thiamine,6202.0,C12H18Cl2N4OS
2581,1731.0,MRL0000141,2e-06,Biotin,171548.0,C10H16N2O3S
2582,1732.0,MRL0000141,0.0003663546694648478,pantothenate,443753.0,C18H32CaN2O10
2583,1733.0,MRL0000141,2e-06,Folic acid,6037.0,C19H19N7O6
2584,1734.0,MRL0000141,0.002,Inositol,892.0,C6H12O6
2585,1735.0,MRL0000141,0.00039999999999999996,Niacin,938.0,C6H5NO2
2586,1736.0,MRL0000141,0.00019999999999999998,p-Aminobenzoic acid,978.0,C7H7NO2
2587,1737.0,MRL0000141,0.00033104454386306164,Pyridoxine,6019.0,C8H12ClNO3
2588,1738.0,MRL0000141,0.00019999999999999998,Riboflavin,493570.0,C17H20N4O6
2589,1739.0,MRL0000141,0.0003159205455084494,Thiamine,6202.0,C12H18Cl2N4OS
2601,1731.0,MRL0000161,2e-06,Biotin,171548.0,C10H16N2O3S
2602,1732.0,MRL0000161,0.0003663546694648478,pantothenate,443753.0,C18H32CaN2O10
2603,1733.0,MRL0000161,2e-06,Folic acid,6037.0,C19H19N7O6
2604,1734.0,MRL0000161,0.002,Inositol,892.0,C6H12O6
2605,1735.0,MRL0000161,0.00039999999999999996,Niacin,938.0,C6H5NO2
2606,1736.0,MRL0000161,0.00019999999999999998,p-Aminobenzoic acid,978.0,C7H7NO2
2607,1737.0,MRL0000161,0.00033104454386306164,Pyridoxine,6019.0,C8H12ClNO3
2608,1738.0,MRL0000161,0.00019999999999999998,Riboflavin,493570.0,C17H20N4O6
2609,1739.0,MRL0000161,0.0003159205455084494,Thiamine,6202.0,C12H18Cl2N4OS
2621,1731.0,MRL0000161,2e-06,Biotin,171548.0,C10H16N2O3S
2622,1732.0,MRL0000161,0.0003663546694648478,pantothenate,443753.0,C18H32CaN2O10
2623,1733.0,MRL0000161,2e-06,Folic acid,6037.0,C19H19N7O6
2624,1734.0,MRL0000161,0.002,Inositol,892.0,C6H12O6
2625,1735.0,MRL0000161,0.00039999999999999996,Niacin,938.0,C6H5NO2
2626,1736.0,MRL0000161,0.00019999999999999998,p-Aminobenzoic acid,978.0,C7H7NO2
2627,1737.0,MRL0000161,0.00033104454386306164,Pyridoxine,6019.0,C8H12ClNO3
2628,1738.0,MRL0000161,0.00019999999999999998,Riboflavin,493570.0,C17H20N4O6
2629,1739.0,MRL0000161,0.0003159205455084494,Thiamine,6202.0,C12H18Cl2N4OS
2641,1731.0,MRL0000161,2e-06,Biotin,171548.0,C10H16N2O3S
2642,1732.0,MRL0000161,0.0003663546694648478,pantothenate,443753.0,C18H32CaN2O10
2643,1733.0,MRL0000161,2e-06,Folic acid,6037.0,C19H19N7O6
2644,1734.0,MRL0000161,0.002,Inositol,892.0,C6H12O6
2645,1735.0,MRL0000161,0.00039999999999999996,Niacin,938.0,C6H5NO2
2646,1736.0,MRL0000161,0.00019999999999999998,p-Aminobenzoic acid,978.0,C7H7NO2
2647,1737.0,MRL0000161,0.00033104454386306164,Pyridoxine,6019.0,C8H12ClNO3
2648,1738.0,MRL0000161,0.00019999999999999998,Riboflavin,493570.0,C17H20N4O6
2649,1739.0,MRL0000161,0.0003159205455084494,Thiamine,6202.0,C12H18Cl2N4OS
2661,1731.0,MRL0000154,2e-06,Biotin,171548.0,C10H16N2O3S
2662,1732.0,MRL0000154,0.0003663546694648478,pantothenate,443753.0,C18H32CaN2O10
2663,1733.0,MRL0000154,2e-06,Folic acid,6037.0,C19H19N7O6
2664,1734.0,MRL0000154,0.002,Inositol,892.0,C6H12O6
2665,1735.0,MRL0000154,0.00039999999999999996,Niacin,938.0,C6H5NO2
2666,1736.0,MRL0000154,0.00019999999999999998,p-Aminobenzoic acid,978.0,C7H7NO2
2667,1737.0,MRL0000154,0.00033104454386306164,Pyridoxine,6019.0,C8H12ClNO3
2668,1738.0,MRL0000154,0.00019999999999999998,Riboflavin,493570.0,C17H20N4O6
2669,1739.0,MRL0000154,0.0003159205455084494,Thiamine,6202.0,C12H18Cl2N4OS
2681,1731.0,MRL0000137,2e-06,Biotin,171548.0,C10H16N2O3S
2682,1732.0,MRL0000137,0.0003663546694648478,pantothenate,443753.0,C18H32CaN2O10
2683,1733.0,MRL0000137,2e-06,Folic acid,6037.0,C19H19N7O6
2684,1734.0,MRL0000137,0.002,Inositol,892.0,C6H12O6
2685,1735.0,MRL0000137,0.00039999999999999996,Niacin,938.0,C6H5NO2
2686,1736.0,MRL0000137,0.00019999999999999998,p-Aminobenzoic acid,978.0,C7H7NO2
2687,1737.0,MRL0000137,0.00033104454386306164,Pyridoxine,6019.0,C8H12ClNO3
2688,1738.0,MRL0000137,0.00019999999999999998,Riboflavin,493570.0,C17H20N4O6
2689,1739.0,MRL0000137,0.0003159205455084494,Thiamine,6202.0,C12H18Cl2N4OS
2701,1751.0,MRL0000142,2e-06,Biotin,171548.0,C10H16N2O3S
2702,1752.0,MRL0000142,0.0003663546694648478,pantothenate,443753.0,C18H32CaN2O10
2703,1753.0,MRL0000142,2e-06,Folic acid,6037.0,C19H19N7O6
2704,1754.0,MRL0000142,0.002,Inositol,892.0,C6H12O6
2705,1755.0,MRL0000142,0.00039999999999999996,Niacin,938.0,C6H5NO2
2706,1756.0,MRL0000142,0.00019999999999999998,p-Aminobenzoic acid,978.0,C7H7NO2
2707,1757.0,MRL0000142,0.00033104454386306164,Pyridoxine,6019.0,C8H12ClNO3
2708,1758.0,MRL0000142,0.00019999999999999998,Riboflavin,493570.0,C17H20N4O6
2709,1759.0,MRL0000142,0.0003159205455084494,Thiamine,6202.0,C12H18Cl2N4OS
2719,1751.0,MRL0000142,2e-06,Biotin,171548.0,C10H16N2O3S
2720,1752.0,MRL0000142,0.0003663546694648478,pantothenate,443753.0,C18H32CaN2O10
2721,1753.0,MRL0000142,2e-06,Folic acid,6037.0,C19H19N7O6
2722,1754.0,MRL0000142,0.002,Inositol,892.0,C6H12O6
2723,1755.0,MRL0000142,0.00039999999999999996,Niacin,938.0,C6H5NO2
2724,1756.0,MRL0000142,0.00019999999999999998,p-Aminobenzoic acid,978.0,C7H7NO2
2725,1757.0,MRL0000142,0.00033104454386306164,Pyridoxine,6019.0,C8H12ClNO3
2726,1758.0,MRL0000142,0.00019999999999999998,Riboflavin,493570.0,C17H20N4O6
2727,1759.0,MRL0000142,0.0003159205455084494,Thiamine,6202.0,C12H18Cl2N4OS
2737,1751.0,MRL0000142,2e-06,Biotin,171548.0,C10H16N2O3S
2738,1752.0,MRL0000142,0.0003663546694648478,pantothenate,443753.0,C18H32CaN2O10
2739,1753.0,MRL0000142,2e-06,Folic acid,6037.0,C19H19N7O6
2740,1754.0,MRL0000142,0.002,Inositol,892.0,C6H12O6
2741,1755.0,MRL0000142,0.00039999999999999996,Niacin,938.0,C6H5NO2
2742,1756.0,MRL0000142,0.00019999999999999998,p-Aminobenzoic acid,978.0,C7H7NO2
2743,1757.0,MRL0000142,0.00033104454386306164,Pyridoxine,6019.0,C8H12ClNO3
2744,1758.0,MRL0000142,0.00019999999999999998,Riboflavin,493570.0,C17H20N4O6
2745,1759.0,MRL0000142,0.0003159205455084494,Thiamine,6202.0,C12H18Cl2N4OS
2755,1751.0,MRL0000143,2e-06,Biotin,171548.0,C10H16N2O3S
2756,1752.0,MRL0000143,0.0003663546694648478,pantothenate,443753.0,C18H32CaN2O10
2757,1753.0,MRL0000143,2e-06,Folic acid,6037.0,C19H19N7O6
2758,1754.0,MRL0000143,0.002,Inositol,892.0,C6H12O6
2759,1755.0,MRL0000143,0.00039999999999999996,Niacin,938.0,C6H5NO2
2760,1756.0,MRL0000143,0.00019999999999999998,p-Aminobenzoic acid,978.0,C7H7NO2
2761,1757.0,MRL0000143,0.00033104454386306164,Pyridoxine,6019.0,C8H12ClNO3
2762,1758.0,MRL0000143,0.00019999999999999998,Riboflavin,493570.0,C17H20N4O6
2763,1759.0,MRL0000143,0.0003159205455084494,Thiamine,6202.0,C12H18Cl2N4OS
2773,1751.0,MRL0000143,2e-06,Biotin,171548.0,C10H16N2O3S
2774,1752.0,MRL0000143,0.0003663546694648478,pantothenate,443753.0,C18H32CaN2O10
2775,1753.0,MRL0000143,2e-06,Folic acid,6037.0,C19H19N7O6
2776,1754.0,MRL0000143,0.002,Inositol,892.0,C6H12O6
2777,1755.0,MRL0000143,0.00039999999999999996,Niacin,938.0,C6H5NO2
2778,1756.0,MRL0000143,0.00019999999999999998,p-Aminobenzoic acid,978.0,C7H7NO2
2779,1757.0,MRL0000143,0.00033104454386306164,Pyridoxine,6019.0,C8H12ClNO3
2780,1758.0,MRL0000143,0.00019999999999999998,Riboflavin,493570.0,C17H20N4O6
2781,1759.0,MRL0000143,0.0003159205455084494,Thiamine,6202.0,C12H18Cl2N4OS
2791,1751.0,MRL0000143,2e-06,Biotin,171548.0,C10H16N2O3S
2792,1752.0,MRL0000143,0.0003663546694648478,pantothenate,443753.0,C18H32CaN2O10
2793,1753.0,MRL0000143,2e-06,Folic acid,6037.0,C19H19N7O6
2794,1754.0,MRL0000143,0.002,Inositol,892.0,C6H12O6
2795,1755.0,MRL0000143,0.00039999999999999996,Niacin,938.0,C6H5NO2
2796,1756.0,MRL0000143,0.00019999999999999998,p-Aminobenzoic acid,978.0,C7H7NO2
2797,1757.0,MRL0000143,0.00033104454386306164,Pyridoxine,6019.0,C8H12ClNO3
2798,1758.0,MRL0000143,0.00019999999999999998,Riboflavin,493570.0,C17H20N4O6
2799,1759.0,MRL0000143,0.0003159205455084494,Thiamine,6202.0,C12H18Cl2N4OS
2809,1751.0,MRL0000143,2e-06,Biotin,171548.0,C10H16N2O3S
2810,1752.0,MRL0000143,0.0003663546694648478,pantothenate,443753.0,C18H32CaN2O10
2811,1753.0,MRL0000143,2e-06,Folic acid,6037.0,C19H19N7O6
2812,1754.0,MRL0000143,0.002,Inositol,892.0,C6H12O6
2813,1755.0,MRL0000143,0.00039999999999999996,Niacin,938.0,C6H5NO2
2814,1756.0,MRL0000143,0.00019999999999999998,p-Aminobenzoic acid,978.0,C7H7NO2
2815,1757.0,MRL0000143,0.00033104454386306164,Pyridoxine,6019.0,C8H12ClNO3
2816,1758.0,MRL0000143,0.00019999999999999998,Riboflavin,493570.0,C17H20N4O6
2817,1759.0,MRL0000143,0.0003159205455084494,Thiamine,6202.0,C12H18Cl2N4OS
